measured_X,measured_Y,estimated_X,estimated_Y,delta_x,delta_y,Time
2321.0,1354.0,2321.0,1354.0,0.0,0.0,0.05950593948364258
2321.0,1354.0,2321.0,1354.0,0.0,0.0,0.10462713241577148
2321.0,1354.0,2321.0,1354.0,0.0,0.0,0.14612317085266113
2321.0,1354.0,2321.0,1354.0,0.0,0.0,0.18690800666809082
2321.0,1354.0,2321.0,1354.0,0.0,0.0,0.22584891319274902
2321.0,1354.0,2321.0,1354.0,0.0,0.0,0.26609206199645996
2321.0,1354.0,2321.0,1354.0,0.0,0.0,0.3232290744781494
2321.0,1354.0,2321.0,1354.0,0.0,0.0,0.38318490982055664
2321.0,1354.0,2321.0,1354.0,0.0,0.0,0.4225170612335205
2321.0,1354.0,2321.0,1354.0,0.0,0.0,0.4713740348815918
2321.0,1354.0,2321.0,1354.0,0.0,0.0,0.5265188217163086
2321.0,1354.0,2321.0,1354.0,0.0,0.0,0.5810730457305908
2321.0,1354.0,2321.0,1354.0,0.0,0.0,0.6253459453582764
2321.0,1354.0,2321.0,1354.0,0.0,0.0,0.6627311706542969
2321.0,1354.0,2321.0,1354.0,0.0,0.0,0.7096390724182129
2321.0,1354.0,2321.0,1354.0,0.0,0.0,0.766261100769043
2321.0,1354.0,2321.0,1354.0,0.0,0.0,0.816906213760376
2321.0,1354.0,2321.0,1354.0,0.0,0.0,0.8556618690490723
2321.0,1354.0,2321.0,1354.0,0.0,0.0,0.895758867263794
2321.0,1354.0,2321.0,1354.0,0.0,0.0,0.9437940120697021
2321.0,1354.0,2321.0,1354.0,0.0,0.0,1.0062730312347412
2322.0,1354.0,2321.2595,1354.0,-1.0,0.0,1.0559329986572266
2321.0,1354.0,2321.2222,1354.0,0.0,0.0,1.0935609340667725
2321.0,1354.0,2321.1853,1354.0,0.0,0.0,1.1349778175354004
2322.0,1354.0,2321.3972,1354.0,-1.0,0.0,1.1880168914794922
2322.0,1354.0,2321.595,1354.0,-1.0,0.0,1.247007131576538
2322.0,1354.0,2321.7751,1354.0,-1.0,0.0,1.2930541038513184
2322.0,1354.0,2321.9033,1354.0,-1.0,0.0,1.3318099975585938
2322.0,1354.0,2321.9905,1354.0,-1.0,0.0,1.3723359107971191
2321.0,1354.0,2321.8267,1354.0,0.0,0.0,1.4205751419067383
2322.0,1354.0,2321.9375,1354.0,-1.0,0.0,1.4777297973632812
2322.0,1354.0,2322.03,1354.0,-1.0,0.0,1.528346061706543
2322.0,1354.0,2322.0908,1354.0,-1.0,0.0,1.5705170631408691
2322.0,1354.0,2322.1301,1354.0,-1.0,0.0,1.6111488342285156
2322.0,1354.0,2322.1582,1354.0,-1.0,0.0,1.6550722122192383
2322.0,1354.0,2322.1868,1354.0,-1.0,0.0,1.7164900302886963
2322.0,1354.0,2322.2217,1354.0,-1.0,0.0,1.7710909843444824
2322.0,1354.0,2322.2246,1354.0,-1.0,0.0,1.8173730373382568
2322.0,1354.0,2322.22,1354.0,-1.0,0.0,1.8578720092773438
2322.0,1354.0,2322.2078,1354.0,-1.0,0.0,1.910431146621704
2322.0,1354.0,2322.2056,1354.0,-1.0,0.0,1.9729299545288086
2322.0,1354.0,2322.1953,1354.0,-1.0,0.0,2.017266035079956
2322.0,1354.0,2322.1736,1354.0,-1.0,0.0,2.0601890087127686
2322.0,1354.0,2322.1528,1354.0,-1.0,0.0,2.111398935317993
2322.0,1354.0,2322.1343,1354.0,-1.0,0.0,2.1701321601867676
2322.0,1354.0,2322.114,1354.0,-1.0,0.0,2.2134599685668945
2322.0,1354.0,2322.0916,1354.0,-1.0,0.0,2.2522900104522705
2322.0,1354.0,2322.071,1354.0,-1.0,0.0,2.291978120803833
2322.0,1354.0,2322.0522,1354.0,-1.0,0.0,2.3343560695648193
2322.0,1354.0,2322.0332,1354.0,-1.0,0.0,2.3910419940948486
2322.0,1354.0,2322.0115,1354.0,-1.0,0.0,2.4444739818573
2322.0,1354.0,2321.9915,1354.0,-1.0,0.0,2.4854109287261963
2322.0,1354.0,2321.9766,1354.0,-1.0,0.0,2.5260210037231445
2322.0,1354.0,2321.962,1354.0,-1.0,0.0,2.5735111236572266
2322.0,1354.0,2321.946,1354.0,-1.0,0.0,2.6301021575927734
2322.0,1354.0,2321.9263,1354.0,-1.0,0.0,2.6802031993865967
2322.0,1354.0,2321.9138,1354.0,-1.0,0.0,2.718640089035034
2322.0,1354.0,2321.9075,1354.0,-1.0,0.0,2.7565150260925293
2322.0,1354.0,2321.9019,1354.0,-1.0,0.0,2.805899143218994
2322.0,1354.0,2321.8887,1354.0,-1.0,0.0,2.861840009689331
2322.0,1354.0,2321.8745,1354.0,-1.0,0.0,2.914506196975708
2322.0,1354.0,2321.864,1354.0,-1.0,0.0,2.964447021484375
2322.0,1354.0,2321.8584,1354.0,-1.0,0.0,3.0236618518829346
2322.0,1354.0,2321.8447,1354.0,-1.0,0.0,3.093189001083374
2322.0,1354.0,2321.8357,1354.0,-1.0,0.0,3.1476950645446777
2322.0,1354.0,2321.836,1354.0,-1.0,0.0,3.1857171058654785
2322.0,1354.0,2321.845,1354.0,-1.0,0.0,3.225584030151367
2322.0,1354.0,2321.85,1354.0,-1.0,0.0,3.2781920433044434
2322.0,1354.0,2321.8464,1354.0,-1.0,0.0,3.339021921157837
2322.0,1354.0,2321.841,1354.0,-1.0,0.0,3.379934072494507
2322.0,1354.0,2321.847,1354.0,-1.0,0.0,3.420314073562622
2322.0,1354.0,2321.853,1354.0,-1.0,0.0,3.466852903366089
2322.0,1354.0,2321.8535,1354.0,-1.0,0.0,3.5245509147644043
2322.0,1354.0,2321.8503,1354.0,-1.0,0.0,3.5724470615386963
2322.0,1354.0,2321.8523,1354.0,-1.0,0.0,3.6126151084899902
2322.0,1354.0,2321.8599,1354.0,-1.0,0.0,3.6523969173431396
2322.0,1354.0,2321.865,1354.0,-1.0,0.0,3.697288990020752
2322.0,1354.0,2321.8647,1354.0,-1.0,0.0,3.7584688663482666
2322.0,1354.0,2321.8625,1354.0,-1.0,0.0,3.816321849822998
2322.0,1354.0,2321.8643,1354.0,-1.0,0.0,3.862183094024658
2322.0,1354.0,2321.8713,1354.0,-1.0,0.0,3.904603958129883
2322.0,1354.0,2321.8772,1354.0,-1.0,0.0,3.9569950103759766
2322.0,1354.0,2321.8794,1354.0,-1.0,0.0,4.014304161071777
2322.0,1354.0,2321.8813,1354.0,-1.0,0.0,4.057971000671387
2322.0,1354.0,2321.8877,1354.0,-1.0,0.0,4.0973169803619385
2322.0,1354.0,2321.8948,1354.0,-1.0,0.0,4.144200086593628
2322.0,1354.0,2321.8987,1354.0,-1.0,0.0,4.200304985046387
2322.0,1354.0,2321.9006,1354.0,-1.0,0.0,4.247313022613525
2322.0,1354.0,2321.9053,1354.0,-1.0,0.0,4.2877819538116455
2322.0,1354.0,2321.9119,1354.0,-1.0,0.0,4.328316926956177
2322.0,1354.0,2321.917,1354.0,-1.0,0.0,4.375334978103638
2322.0,1354.0,2321.9197,1354.0,-1.0,0.0,4.437885046005249
2322.0,1353.0,2321.9219,1353.8394,-1.0,1.0,4.49091100692749
2322.0,1353.0,2321.9265,1353.6941,-1.0,1.0,4.532268047332764
2322.0,1353.0,2321.9324,1353.5715,-1.0,1.0,4.572874069213867
2322.0,1353.0,2321.9373,1353.4624,-1.0,1.0,4.622191905975342
2322.0,1354.0,2321.9407,1353.5035,-1.0,0.0,4.688785076141357
2322.0,1354.0,2321.9438,1353.5402,-1.0,0.0,4.7369749546051025
2322.0,1354.0,2321.9485,1353.5844,-1.0,0.0,4.777629137039185
2322.0,1354.0,2321.9536,1353.6279,-1.0,0.0,4.819543838500977
2322.0,1354.0,2321.958,1353.6644,-1.0,0.0,4.869793176651001
2322.0,1353.0,2321.962,1353.5491,-1.0,1.0,4.929484128952026
2322.0,1353.0,2321.9658,1353.4374,-1.0,1.0,4.97966194152832
2322.0,1353.0,2321.97,1353.3475,-1.0,1.0,5.019071102142334
2322.0,1353.0,2321.9739,1353.272,-1.0,1.0,5.058637857437134
2322.0,1353.0,2321.9775,1353.204,-1.0,1.0,5.103035926818848
2322.0,1353.0,2321.9812,1353.1365,-1.0,1.0,5.163710117340088
2322.0,1353.0,2321.9854,1353.0627,-1.0,1.0,5.212534189224243
2322.0,1353.0,2321.9888,1353.0111,-1.0,1.0,5.253835201263428
2322.0,1353.0,2321.992,1352.969,-1.0,1.0,5.296473979949951
2322.0,1353.0,2321.995,1352.9298,-1.0,1.0,5.342113971710205
2322.0,1353.0,2321.9988,1352.8872,-1.0,1.0,5.4002110958099365
2322.0,1354.0,2322.0024,1352.9789,-1.0,0.0,5.450459957122803
2323.0,1353.0,2322.1375,1352.9381,-2.0,1.0,5.490799903869629
2322.0,1353.0,2322.1296,1352.9099,-1.0,1.0,5.531592130661011
2322.0,1353.0,2322.1233,1352.8835,-1.0,1.0,5.5779759883880615
2322.0,1353.0,2322.1184,1352.8561,-1.0,1.0,5.634752035140991
2323.0,1353.0,2322.2432,1352.8214,-2.0,1.0,5.684275150299072
2323.0,1353.0,2322.3557,1352.801,-2.0,1.0,5.727619886398315
2322.0,1353.0,2322.3333,1352.7869,-1.0,1.0,5.765035152435303
2322.0,1353.0,2322.3105,1352.7794,-1.0,1.0,5.812762022018433
2323.0,1353.0,2322.416,1352.761,-2.0,1.0,5.8796679973602295
2322.0,1353.0,2322.3994,1352.7355,-1.0,1.0,5.927387952804565
2323.0,1353.0,2322.4963,1352.73,-2.0,1.0,5.968678951263428
2323.0,1353.0,2322.5837,1352.727,-2.0,1.0,6.008929967880249
2323.0,1353.0,2322.6584,1352.7297,-2.0,1.0,6.0560150146484375
2323.0,1353.0,2322.7354,1352.7247,-2.0,1.0,6.110377073287964
2323.0,1353.0,2322.8113,1352.7178,-2.0,1.0,6.157972097396851
2323.0,1353.0,2322.8765,1352.7167,-2.0,1.0,6.195405960083008
2323.0,1353.0,2322.926,1352.7233,-2.0,1.0,6.235915184020996
2323.0,1353.0,2322.9744,1352.7274,-2.0,1.0,6.282700061798096
2323.0,1353.0,2323.03,1352.7255,-2.0,1.0,6.340975999832153
2323.0,1353.0,2323.0854,1352.7231,-2.0,1.0,6.392889976501465
2323.0,1353.0,2323.1304,1352.7256,-2.0,1.0,6.4322991371154785
2323.0,1353.0,2323.159,1352.7346,-2.0,1.0,6.4716691970825195
2323.0,1353.0,2323.186,1352.7428,-2.0,1.0,6.5167341232299805
2323.0,1353.0,2323.2197,1352.7472,-2.0,1.0,6.574022054672241
2323.0,1353.0,2323.2617,1352.748,-2.0,1.0,6.624603033065796
2323.0,1353.0,2323.2886,1352.7545,-2.0,1.0,6.666870832443237
2323.0,1353.0,2323.3057,1352.7637,-2.0,1.0,6.708628177642822
2323.0,1353.0,2323.3232,1352.772,-2.0,1.0,6.754208087921143
2323.0,1353.0,2323.3438,1352.7789,-2.0,1.0,6.8185648918151855
2323.0,1353.0,2323.3806,1352.7815,-2.0,1.0,6.867486000061035
2323.0,1353.0,2323.3887,1352.7919,-2.0,1.0,6.908010005950928
2323.0,1353.0,2323.393,1352.8025,-2.0,1.0,6.94831919670105
2323.0,1353.0,2323.4014,1352.8118,-2.0,1.0,7.000761985778809
2323.0,1353.0,2323.4197,1352.8187,-2.0,1.0,7.06428599357605
2323.0,1353.0,2323.4377,1352.8262,-2.0,1.0,7.109811067581177
2323.0,1353.0,2323.4368,1352.8367,-2.0,1.0,7.14839506149292
2323.0,1353.0,2323.4321,1352.8473,-2.0,1.0,7.186564922332764
2323.0,1353.0,2323.4287,1352.8572,-2.0,1.0,7.230503082275391
2323.0,1353.0,2323.431,1352.8661,-2.0,1.0,7.289793252944946
2323.0,1353.0,2323.443,1352.8743,-2.0,1.0,7.336835861206055
2323.0,1353.0,2323.4436,1352.8833,-2.0,1.0,7.376845836639404
2323.0,1353.0,2323.4382,1352.8925,-2.0,1.0,7.415556907653809
2323.0,1353.0,2323.431,1352.9014,-2.0,1.0,7.458322048187256
2323.0,1353.0,2323.4285,1352.9099,-2.0,1.0,7.512300252914429
2323.0,1353.0,2323.4373,1352.9186,-2.0,1.0,7.566945791244507
2323.0,1353.0,2323.4395,1352.9275,-2.0,1.0,7.607872009277344
2323.0,1353.0,2323.429,1352.9357,-2.0,1.0,7.647487163543701
2323.0,1353.0,2323.4207,1352.9437,-2.0,1.0,7.694490909576416
2323.0,1353.0,2323.423,1352.9526,-2.0,1.0,7.753908157348633
2323.0,1353.0,2323.4275,1352.962,-2.0,1.0,7.817403078079224
2323.0,1353.0,2323.4294,1352.9717,-2.0,1.0,7.857799053192139
2323.0,1353.0,2323.4165,1352.9788,-2.0,1.0,7.900055170059204
2323.0,1353.0,2323.407,1352.9861,-2.0,1.0,7.9524359703063965
2323.0,1353.0,2323.405,1352.9951,-2.0,1.0,8.0106041431427
2323.0,1353.0,2323.4026,1353.0042,-2.0,1.0,8.05259394645691
2323.0,1353.0,2323.3918,1353.011,-2.0,1.0,8.092196941375732
2323.0,1353.0,2323.3796,1353.0168,-2.0,1.0,8.143159866333008
2323.0,1353.0,2323.3767,1353.0258,-2.0,1.0,8.212037086486816
2323.0,1353.0,2323.3774,1353.0365,-2.0,1.0,8.256054162979126
2324.0,1353.0,2323.457,1353.0425,-3.0,1.0,8.296012878417969
2324.0,1353.0,2323.53,1353.048,-3.0,1.0,8.338764905929565
2324.0,1353.0,2323.5972,1353.0532,-3.0,1.0,8.388841152191162
2324.0,1353.0,2323.6667,1353.0605,-3.0,1.0,8.44457721710205
2324.0,1353.0,2323.7354,1353.0688,-3.0,1.0,8.48838210105896
2324.0,1353.0,2323.7932,1353.0747,-3.0,1.0,8.528993844985962
2324.0,1353.0,2323.84,1353.0782,-3.0,1.0,8.567752122879028
2324.0,1353.0,2323.8845,1353.0822,-3.0,1.0,8.611276149749756
2324.0,1353.0,2323.9316,1353.0878,-3.0,1.0,8.668748140335083
2324.0,1353.0,2323.988,1353.0972,-3.0,1.0,8.72326111793518
2324.0,1353.0,2324.034,1353.104,-3.0,1.0,8.765573978424072
2324.0,1352.0,2324.0662,1353.0242,-3.0,2.0,8.805077075958252
2324.0,1352.0,2324.096,1352.9498,-3.0,2.0,8.85393214225769
2324.0,1352.0,2324.1345,1352.8812,-3.0,2.0,8.913804054260254
2324.0,1352.0,2324.1777,1352.8157,-3.0,2.0,8.96150517463684
2324.0,1352.0,2324.2031,1352.7522,-3.0,2.0,9.003457069396973
2324.0,1353.0,2324.2246,1352.7737,-3.0,1.0,9.046424865722656
2323.0,1353.0,2324.1658,1352.7943,-2.0,1.0,9.092065811157227
2323.0,1353.0,2324.1133,1352.8146,-2.0,1.0,9.149856090545654
2323.0,1353.0,2324.068,1352.8352,-2.0,1.0,9.19874906539917
2324.0,1353.0,2324.0964,1352.854,-3.0,1.0,9.238231897354126
2324.0,1353.0,2324.118,1352.871,-3.0,1.0,9.276629209518433
2324.0,1353.0,2324.1372,1352.887,-3.0,1.0,9.322788000106812
2324.0,1352.0,2324.1606,1352.8267,-3.0,2.0,9.384022235870361
2324.0,1353.0,2324.1943,1352.8484,-3.0,1.0,9.439058065414429
2323.0,1353.0,2324.1387,1352.8679,-2.0,1.0,9.479482889175415
2324.0,1352.0,2324.1553,1352.8075,-3.0,2.0,9.51699686050415
2324.0,1352.0,2324.1687,1352.751,-3.0,2.0,9.566631078720093
2324.0,1352.0,2324.1897,1352.6984,-3.0,2.0,9.622389078140259
2324.0,1352.0,2324.2126,1352.6478,-3.0,2.0,9.66798710823059
2324.0,1352.0,2324.2263,1352.5996,-3.0,2.0,9.705600023269653
2324.0,1352.0,2324.237,1352.5543,-3.0,2.0,9.748985052108765
2324.0,1352.0,2324.245,1352.512,-3.0,2.0,9.795599937438965
2324.0,1352.0,2324.2583,1352.4713,-3.0,2.0,9.856375932693481
2324.0,1352.0,2324.2773,1352.4312,-3.0,2.0,9.908080101013184
2324.0,1352.0,2324.2893,1352.3936,-3.0,2.0,9.94882607460022
2324.0,1352.0,2324.293,1352.3596,-3.0,2.0,9.990705013275146
2324.0,1352.0,2324.2976,1352.3275,-3.0,2.0,10.042553901672363
2324.0,1352.0,2324.3079,1352.2952,-3.0,2.0,10.099758863449097
2324.0,1352.0,2324.3188,1352.2638,-3.0,2.0,10.149112939834595
2324.0,1352.0,2324.3262,1352.2346,-3.0,2.0,10.190483093261719
2324.0,1352.0,2324.3242,1352.2103,-3.0,2.0,10.230423212051392
2324.0,1352.0,2324.3237,1352.1871,-3.0,2.0,10.281399965286255
2324.0,1352.0,2324.3298,1352.1622,-3.0,2.0,10.340147018432617
2324.0,1352.0,2324.3381,1352.1372,-3.0,2.0,10.389971017837524
2324.0,1352.0,2324.3384,1352.1166,-3.0,2.0,10.429165840148926
2324.0,1352.0,2324.3337,1352.0995,-3.0,2.0,10.468307971954346
2324.0,1352.0,2324.3303,1352.0831,-3.0,2.0,10.517061948776245
2324.0,1352.0,2324.3318,1352.0651,-3.0,2.0,10.573817014694214
2324.0,1352.0,2324.335,1352.0468,-3.0,2.0,10.623447179794312
2324.0,1352.0,2324.3335,1352.0317,-3.0,2.0,10.665532112121582
2324.0,1352.0,2324.3293,1352.019,-3.0,2.0,10.706806182861328
2324.0,1352.0,2324.325,1352.0076,-3.0,2.0,10.748723030090332
2324.0,1352.0,2324.3232,1351.9949,-3.0,2.0,10.828645944595337
2325.0,1352.0,2324.4023,1351.9761,-4.0,2.0,10.873342990875244
2325.0,1352.0,2324.4614,1351.9679,-4.0,2.0,10.915302991867065
2324.0,1352.0,2324.4492,1351.9601,-3.0,2.0,10.956101894378662
2324.0,1352.0,2324.4375,1351.9529,-3.0,2.0,11.013073921203613
2324.0,1352.0,2324.4353,1351.9408,-3.0,2.0,11.082051992416382
2324.0,1352.0,2324.431,1351.9303,-3.0,2.0,11.12396502494812
2324.0,1352.0,2324.4175,1351.9259,-3.0,2.0,11.164138078689575
2324.0,1352.0,2324.4043,1351.922,-3.0,2.0,11.214729070663452
2324.0,1352.0,2324.396,1351.9156,-3.0,2.0,11.269376039505005
2324.0,1352.0,2324.3877,1351.9098,-3.0,2.0,11.310597896575928
2324.0,1352.0,2324.3752,1351.9072,-3.0,2.0,11.350241899490356
2324.0,1352.0,2324.3625,1351.9054,-3.0,2.0,11.39644980430603
2324.0,1352.0,2324.3533,1351.9019,-3.0,2.0,11.454860210418701
2324.0,1352.0,2324.3462,1351.8971,-3.0,2.0,11.506286859512329
2324.0,1352.0,2324.3367,1351.8945,-3.0,2.0,11.546118021011353
2324.0,1352.0,2324.3247,1351.8943,-3.0,2.0,11.58652400970459
2324.0,1352.0,2324.3135,1351.8939,-3.0,2.0,11.63879680633545
2324.0,1352.0,2324.3054,1351.8915,-3.0,2.0,11.699054956436157
2324.0,1352.0,2324.298,1351.8887,-3.0,2.0,11.745218992233276
2324.0,1352.0,2324.2878,1351.8885,-3.0,2.0,11.787607908248901
2324.0,1352.0,2324.2766,1351.8898,-3.0,2.0,11.826531887054443
2325.0,1352.0,2324.3281,1351.8911,-4.0,2.0,11.873276948928833
2324.0,1352.0,2324.3176,1351.8909,-3.0,2.0,11.933832168579102
2324.0,1352.0,2324.308,1351.89,-3.0,2.0,11.981665849685669
2324.0,1352.0,2324.296,1351.8915,-3.0,2.0,12.022005081176758
2324.0,1352.0,2324.2834,1351.8937,-3.0,2.0,12.06112813949585
2324.0,1352.0,2324.2715,1351.8959,-3.0,2.0,12.103631019592285
2324.0,1352.0,2324.2607,1351.8973,-3.0,2.0,12.16195797920227
2324.0,1352.0,2324.2507,1351.8986,-3.0,2.0,12.212393999099731
2324.0,1352.0,2324.2402,1351.9003,-3.0,2.0,12.252049922943115
2324.0,1352.0,2324.229,1351.9031,-3.0,2.0,12.29142689704895
2324.0,1352.0,2324.2185,1351.9059,-3.0,2.0,12.337613821029663
2324.0,1352.0,2324.2085,1351.9082,-3.0,2.0,12.409708261489868
2325.0,1352.0,2324.2605,1351.9089,-4.0,2.0,12.614238023757935
2325.0,1352.0,2324.3267,1351.9062,-4.0,2.0,12.700221061706543
2325.0,1352.0,2324.3828,1351.9105,-4.0,2.0,12.745880842208862
2325.0,1352.0,2324.432,1351.9159,-4.0,2.0,12.798582792282104
2325.0,1352.0,2324.4792,1351.921,-4.0,2.0,12.852437019348145
2325.0,1352.0,2324.524,1351.9261,-4.0,2.0,12.91744589805603
2325.0,1352.0,2324.5693,1351.9315,-4.0,2.0,12.975430965423584
2324.0,1352.0,2324.5386,1351.9368,-3.0,2.0,13.02181100845337
2324.0,1352.0,2324.5085,1351.9418,-3.0,2.0,13.104146003723145
2324.0,1352.0,2324.4841,1351.9479,-3.0,2.0,13.209431886672974
2325.0,1352.0,2324.5327,1351.9552,-4.0,2.0,13.283382177352905
2325.0,1352.0,2324.5764,1351.9619,-4.0,2.0,13.33249020576477
2325.0,1352.0,2324.6143,1351.9674,-4.0,2.0,13.40002703666687
2325.0,1352.0,2324.652,1351.9738,-4.0,2.0,13.454981088638306
2325.0,1352.0,2324.6853,1351.9791,-4.0,2.0,13.500391960144043
2325.0,1352.0,2324.7144,1351.9836,-4.0,2.0,13.547271013259888
2325.0,1352.0,2324.7427,1351.9885,-4.0,2.0,13.609943866729736
2325.0,1352.0,2324.7725,1351.9946,-4.0,2.0,13.67683219909668
2325.0,1352.0,2324.8003,1352.0007,-4.0,2.0,13.723262071609497
2325.0,1351.0,2324.823,1351.9388,-4.0,3.0,13.875364065170288
2325.0,1352.0,2324.8672,1351.9542,-4.0,2.0,13.929816961288452
2325.0,1351.0,2324.888,1351.891,-4.0,3.0,13.969429016113281
2325.0,1351.0,2324.904,1351.8318,-4.0,3.0,14.008275032043457
2325.0,1351.0,2324.9192,1351.7772,-4.0,3.0,14.049228191375732
2325.0,1351.0,2324.933,1351.7268,-4.0,3.0,14.09098505973816
2325.0,1351.0,2324.9465,1351.6798,-4.0,3.0,14.151011943817139
2325.0,1351.0,2324.9646,1351.6342,-4.0,3.0,14.210299015045166
2325.0,1351.0,2324.979,1351.5912,-4.0,3.0,14.25028109550476
2325.0,1351.0,2324.9888,1351.5521,-4.0,3.0,14.290711164474487
2325.0,1351.0,2324.9983,1351.5154,-4.0,3.0,14.343393802642822
2325.0,1351.0,2325.0103,1351.4792,-4.0,3.0,14.401996850967407
2325.0,1351.0,2325.0225,1351.4442,-4.0,3.0,14.444509983062744
2325.0,1351.0,2325.0305,1351.413,-4.0,3.0,14.484000205993652
2325.0,1351.0,2325.0374,1351.384,-4.0,3.0,14.52269697189331
2325.0,1351.0,2325.0435,1351.3569,-4.0,3.0,14.561650037765503
2325.0,1351.0,2325.05,1351.3308,-4.0,3.0,14.61725902557373
2325.0,1351.0,2325.0588,1351.3038,-4.0,3.0,14.674808025360107
2325.0,1351.0,2325.0674,1351.2776,-4.0,3.0,14.715734243392944
2325.0,1351.0,2325.072,1351.2555,-4.0,3.0,14.756874084472656
2325.0,1351.0,2325.0774,1351.2338,-4.0,3.0,14.818060159683228
2325.0,1351.0,2325.0862,1351.2094,-4.0,3.0,14.884773969650269
2325.0,1351.0,2325.0947,1351.1854,-4.0,3.0,14.928822994232178
2325.0,1351.0,2325.0972,1351.168,-4.0,3.0,14.970694065093994
2325.0,1351.0,2325.0999,1351.151,-4.0,3.0,15.01075005531311
2325.0,1351.0,2325.102,1351.1351,-4.0,3.0,15.05423903465271
2325.0,1351.0,2325.1055,1351.1183,-4.0,3.0,15.112977027893066
2325.0,1351.0,2325.11,1351.1006,-4.0,3.0,15.162455081939697
2325.0,1351.0,2325.1128,1351.0857,-4.0,3.0,15.201005935668945
2325.0,1351.0,2325.1138,1351.0732,-4.0,3.0,15.239190101623535
2325.0,1351.0,2325.1145,1351.0614,-4.0,3.0,15.283680200576782
2325.0,1351.0,2325.1162,1351.049,-4.0,3.0,15.340744972229004
2325.0,1351.0,2325.1194,1351.0344,-4.0,3.0,15.390810012817383
2325.0,1351.0,2325.121,1351.0223,-4.0,3.0,15.430952072143555
2325.0,1351.0,2325.1213,1351.0125,-4.0,3.0,15.469913959503174
2325.0,1351.0,2325.121,1351.0039,-4.0,3.0,15.513564109802246
2325.0,1351.0,2325.1218,1350.994,-4.0,3.0,15.572793960571289
2325.0,1351.0,2325.124,1350.9819,-4.0,3.0,15.623793125152588
2326.0,1351.0,2325.1729,1350.9723,-5.0,3.0,15.66170883178711
2326.0,1351.0,2325.2178,1350.9657,-5.0,3.0,15.701338052749634
2325.0,1351.0,2325.2144,1350.9591,-4.0,3.0,15.751167058944702
2325.0,1351.0,2325.2131,1350.9497,-4.0,3.0,15.813749074935913
2325.0,1351.0,2325.2124,1350.94,-4.0,3.0,15.861601829528809
2325.0,1351.0,2325.2095,1350.9333,-4.0,3.0,15.90166687965393
2325.0,1351.0,2325.2053,1350.9286,-4.0,3.0,15.942475080490112
2325.0,1351.0,2325.2014,1350.924,-4.0,3.0,15.988086938858032
2325.0,1351.0,2325.1985,1350.918,-4.0,3.0,16.047222137451172
2325.0,1351.0,2325.1968,1350.9104,-4.0,3.0,16.093942165374756
2325.0,1351.0,2325.1929,1350.9061,-4.0,3.0,16.136823892593384
2325.0,1351.0,2325.189,1350.9023,-4.0,3.0,16.17754292488098
2325.0,1351.0,2325.1848,1350.8992,-4.0,3.0,16.219991207122803
2325.0,1351.0,2325.181,1350.8956,-4.0,3.0,16.277817010879517
2326.0,1351.0,2325.2234,1350.8905,-5.0,3.0,16.334096908569336
2326.0,1351.0,2325.2651,1350.8856,-5.0,3.0,16.375990867614746
2326.0,1351.0,2325.3035,1350.8837,-5.0,3.0,16.41662907600403
2326.0,1351.0,2325.3408,1350.8815,-5.0,3.0,16.465348958969116
2326.0,1351.0,2325.378,1350.8785,-5.0,3.0,16.527584075927734
2326.0,1351.0,2325.416,1350.874,-5.0,3.0,16.575550079345703
2326.0,1351.0,2325.4497,1350.8729,-5.0,3.0,16.614330053329468
2326.0,1351.0,2325.4812,1350.8727,-5.0,3.0,16.65151810646057
2326.0,1351.0,2325.5115,1350.8723,-5.0,3.0,16.69741201400757
2326.0,1351.0,2325.542,1350.8712,-5.0,3.0,16.756937980651855
2326.0,1351.0,2325.5747,1350.8685,-5.0,3.0,16.81097412109375
2326.0,1351.0,2325.605,1350.867,-5.0,3.0,16.85491704940796
2326.0,1351.0,2325.632,1350.867,-5.0,3.0,16.89275312423706
2326.0,1351.0,2325.6567,1350.8678,-5.0,3.0,16.940145015716553
2326.0,1351.0,2325.6833,1350.8673,-5.0,3.0,16.99661922454834
2326.0,1351.0,2325.7104,1350.8663,-5.0,3.0,17.04426884651184
2326.0,1351.0,2325.7346,1350.8666,-5.0,3.0,17.082117080688477
2326.0,1351.0,2325.756,1350.8678,-5.0,3.0,17.125164031982422
2326.0,1351.0,2325.7773,1350.8689,-5.0,3.0,17.170414924621582
2326.0,1351.0,2325.799,1350.8696,-5.0,3.0,17.229153871536255
2326.0,1351.0,2325.823,1350.8694,-5.0,3.0,17.278629064559937
2326.0,1350.0,2325.8445,1350.827,-5.0,4.0,17.319674015045166
2326.0,1350.0,2325.8616,1350.7876,-5.0,4.0,17.359905242919922
2326.0,1351.0,2325.8784,1350.7915,-5.0,3.0,17.40756320953369
2326.0,1351.0,2325.898,1350.794,-5.0,3.0,17.468206882476807
2326.0,1351.0,2325.9197,1350.7958,-5.0,3.0,17.517847061157227
2326.0,1351.0,2325.9358,1350.7996,-5.0,3.0,17.55863094329834
2326.0,1351.0,2325.9495,1350.804,-5.0,3.0,17.59758496284485
2326.0,1351.0,2325.9626,1350.8082,-5.0,3.0,17.64476704597473
2326.0,1351.0,2325.9783,1350.8116,-5.0,3.0,17.699995040893555
2326.0,1351.0,2325.996,1350.8143,-5.0,3.0,17.756864070892334
2326.0,1351.0,2326.011,1350.8179,-5.0,3.0,17.800616979599
2326.0,1351.0,2326.0227,1350.8221,-5.0,3.0,17.840065956115723
2326.0,1351.0,2326.033,1350.8267,-5.0,3.0,17.8906729221344
2326.0,1351.0,2326.0469,1350.8302,-5.0,3.0,17.951159954071045
2326.0,1350.0,2326.0623,1350.7919,-5.0,4.0,17.99619221687317
2326.0,1351.0,2326.0715,1350.7974,-5.0,3.0,18.03751516342163
2326.0,1350.0,2326.0803,1350.7617,-5.0,4.0,18.08270025253296
2326.0,1351.0,2326.0898,1350.7678,-5.0,3.0,18.134746074676514
2326.0,1351.0,2326.102,1350.7732,-5.0,3.0,18.20436406135559
2326.0,1351.0,2326.1172,1350.7778,-5.0,3.0,18.249079942703247
2326.0,1351.0,2326.1235,1350.7844,-5.0,3.0,18.290874004364014
2326.0,1350.0,2326.1294,1350.7499,-5.0,4.0,18.331852197647095
2326.0,1351.0,2326.1353,1350.7572,-5.0,3.0,18.37865900993347
2326.0,1351.0,2326.1428,1350.764,-5.0,3.0,18.43481993675232
2326.0,1350.0,2326.1528,1350.7295,-5.0,4.0,18.483670234680176
2326.0,1350.0,2326.1584,1350.6969,-5.0,4.0,18.52439785003662
2326.0,1350.0,2326.1628,1350.6658,-5.0,4.0,18.56491494178772
2326.0,1350.0,2326.167,1350.6356,-5.0,4.0,18.61003613471985
2326.0,1350.0,2326.1719,1350.6061,-5.0,4.0,18.66849708557129
2326.0,1350.0,2326.18,1350.5757,-5.0,4.0,18.71722984313965
2326.0,1350.0,2326.1848,1350.5474,-5.0,4.0,18.759186029434204
2326.0,1350.0,2326.188,1350.5206,-5.0,4.0,18.808617115020752
2326.0,1350.0,2326.1926,1350.4937,-5.0,4.0,18.86070704460144
2327.0,1350.0,2326.2373,1350.4672,-6.0,4.0,18.918145179748535
2327.0,1350.0,2326.2825,1350.4404,-6.0,4.0,18.96488094329834
2327.0,1350.0,2326.3232,1350.4163,-6.0,4.0,19.006270170211792
2327.0,1350.0,2326.361,1350.3937,-6.0,4.0,19.043581008911133
2327.0,1350.0,2326.3967,1350.3724,-6.0,4.0,19.092167139053345
2327.0,1350.0,2326.435,1350.3499,-6.0,4.0,19.155324935913086
2327.0,1350.0,2326.477,1350.3254,-6.0,4.0,19.20655918121338
2327.0,1350.0,2326.5127,1350.3043,-6.0,4.0,19.248844146728516
2327.0,1350.0,2326.546,1350.2847,-6.0,4.0,19.288774013519287
2327.0,1350.0,2326.5762,1350.2668,-6.0,4.0,19.334733963012695
2327.0,1350.0,2326.6082,1350.248,-6.0,4.0,19.392470121383667
2327.0,1350.0,2326.6428,1350.228,-6.0,4.0,19.43932819366455
2327.0,1350.0,2326.673,1350.2104,-6.0,4.0,19.476757049560547
2327.0,1350.0,2326.699,1350.1953,-6.0,4.0,19.517664194107056
2327.0,1350.0,2326.725,1350.1799,-6.0,4.0,19.563560009002686
2327.0,1350.0,2326.7527,1350.164,-6.0,4.0,19.624006986618042
2327.0,1350.0,2326.7861,1350.1449,-6.0,4.0,19.680428981781006
2327.0,1350.0,2326.8137,1350.129,-6.0,4.0,19.719033002853394
2327.0,1350.0,2326.8352,1350.1165,-6.0,4.0,19.759626150131226
2327.0,1350.0,2326.857,1350.1039,-6.0,4.0,19.81097984313965
2327.0,1350.0,2326.883,1350.0891,-6.0,4.0,19.86913013458252
2327.0,1350.0,2326.9114,1350.0731,-6.0,4.0,19.91903591156006
2327.0,1350.0,2326.9326,1350.0609,-6.0,4.0,19.960668087005615
2327.0,1350.0,2326.9512,1350.0503,-6.0,4.0,20.000879049301147
2327.0,1350.0,2326.9688,1350.0402,-6.0,4.0,20.0485520362854
2327.0,1350.0,2326.991,1350.0277,-6.0,4.0,20.108793020248413
2327.0,1350.0,2327.0144,1350.0146,-6.0,4.0,20.15904188156128
2327.0,1350.0,2327.0334,1350.0042,-6.0,4.0,20.20030903816223
2327.0,1350.0,2327.048,1349.9957,-6.0,4.0,20.238506078720093
2327.0,1350.0,2327.0618,1349.988,-6.0,4.0,20.284975051879883
2327.0,1350.0,2327.0796,1349.9783,-6.0,4.0,20.344976902008057
2327.0,1350.0,2327.0999,1349.9672,-6.0,4.0,20.392455101013184
2327.0,1350.0,2327.1143,1349.9591,-6.0,4.0,20.432908058166504
2327.0,1350.0,2327.1265,1349.9524,-6.0,4.0,20.47458004951477
2327.0,1350.0,2327.14,1349.9451,-6.0,4.0,20.51946496963501
2327.0,1350.0,2327.1523,1349.9382,-6.0,4.0,20.577760219573975
2327.0,1350.0,2327.1694,1349.9292,-6.0,4.0,20.627830028533936
2327.0,1350.0,2327.183,1349.9219,-6.0,4.0,20.66760516166687
2327.0,1350.0,2327.1924,1349.9167,-6.0,4.0,20.70496916770935
2327.0,1350.0,2327.2004,1349.9124,-6.0,4.0,20.74933695793152
2327.0,1350.0,2327.2114,1349.9065,-6.0,4.0,20.810178995132446
2327.0,1350.0,2327.2275,1349.8983,-6.0,4.0,20.856194972991943
2327.0,1350.0,2327.237,1349.8934,-6.0,4.0,20.893626928329468
2327.0,1350.0,2327.2441,1349.8898,-6.0,4.0,20.935721158981323
2327.0,1350.0,2327.2512,1349.886,-6.0,4.0,20.97933602333069
2327.0,1350.0,2327.2595,1349.8817,-6.0,4.0,21.04084014892578
2327.0,1350.0,2327.2744,1349.8744,-6.0,4.0,21.09018301963806
2327.0,1349.0,2327.2837,1349.8351,-6.0,5.0,21.131153106689453
2327.0,1349.0,2327.2886,1349.799,-6.0,5.0,21.1703200340271
2328.0,1349.0,2327.3274,1349.7638,-7.0,5.0,21.219685077667236
2328.0,1349.0,2327.3716,1349.7261,-7.0,5.0,21.280267238616943
2328.0,1349.0,2327.4163,1349.6881,-7.0,5.0,21.327243089675903
2328.0,1349.0,2327.4531,1349.6549,-7.0,5.0,21.36698293685913
2328.0,1349.0,2327.4875,1349.6234,-7.0,5.0,21.405543088912964
2328.0,1349.0,2327.5208,1349.5931,-7.0,5.0,21.446099996566772
2328.0,1349.0,2327.5552,1349.5623,-7.0,5.0,21.502691984176636
2328.0,1349.0,2327.5938,1349.5292,-7.0,5.0,21.554800033569336
2328.0,1349.0,2327.6292,1349.4982,-7.0,5.0,21.5936861038208
2328.0,1349.0,2327.6584,1349.4711,-7.0,5.0,21.631591081619263
2328.0,1349.0,2327.6873,1349.4446,-7.0,5.0,21.678657054901123
2328.0,1349.0,2327.7188,1349.4167,-7.0,5.0,21.735201120376587
2328.0,1349.0,2327.754,1349.3866,-7.0,5.0,21.78285503387451
2328.0,1349.0,2327.7832,1349.3604,-7.0,5.0,21.82376790046692
2328.0,1349.0,2327.8098,1349.3362,-7.0,5.0,21.862767934799194
2328.0,1349.0,2327.8337,1349.3138,-7.0,5.0,21.90752911567688
2328.0,1349.0,2327.8606,1349.2897,-7.0,5.0,21.9651460647583
2328.0,1349.0,2327.893,1349.2622,-7.0,5.0,22.016215085983276
2327.0,1349.0,2327.8884,1349.2377,-6.0,5.0,22.055970907211304
2327.0,1349.0,2327.8774,1349.2181,-6.0,5.0,22.096665859222412
2328.0,1349.0,2327.9004,1349.198,-7.0,5.0,22.146718978881836
2328.0,1349.0,2327.9268,1349.1754,-7.0,5.0,22.202592134475708
2327.0,1349.0,2327.925,1349.15,-6.0,5.0,22.251785039901733
2327.0,1349.0,2327.9153,1349.1309,-6.0,5.0,22.291054010391235
2328.0,1349.0,2327.9353,1349.1139,-7.0,5.0,22.330107927322388
2328.0,1349.0,2327.9548,1349.0973,-7.0,5.0,22.375735998153687
2328.0,1349.0,2327.9778,1349.0784,-7.0,5.0,22.437955856323242
2328.0,1349.0,2328.0073,1349.0546,-7.0,5.0,22.488956928253174
2328.0,1349.0,2328.0286,1349.0369,-7.0,5.0,22.53097414970398
2328.0,1349.0,2328.0466,1349.0216,-7.0,5.0,22.571480989456177
2328.0,1349.0,2328.0637,1349.0072,-7.0,5.0,22.615869998931885
2328.0,1349.0,2328.0852,1348.9897,-7.0,5.0,22.678107976913452
2328.0,1349.0,2328.1099,1348.9696,-7.0,5.0,22.727202892303467
2328.0,1349.0,2328.1267,1348.9556,-7.0,5.0,22.767692804336548
2328.0,1349.0,2328.141,1348.9432,-7.0,5.0,22.808916091918945
2328.0,1349.0,2328.1558,1348.9308,-7.0,5.0,22.850940942764282
2328.0,1349.0,2328.1704,1348.9183,-7.0,5.0,22.91221308708191
2328.0,1349.0,2328.193,1348.9,-7.0,5.0,22.964216947555542
2328.0,1349.0,2328.2102,1348.8859,-7.0,5.0,23.003849983215332
2328.0,1349.0,2328.2217,1348.8759,-7.0,5.0,23.041237115859985
2328.0,1349.0,2328.232,1348.867,-7.0,5.0,23.089592933654785
2328.0,1349.0,2328.2473,1348.8542,-7.0,5.0,23.14661478996277
2328.0,1349.0,2328.2654,1348.8397,-7.0,5.0,23.193044185638428
2328.0,1349.0,2328.2776,1348.8293,-7.0,5.0,23.23221516609192
2328.0,1349.0,2328.2876,1348.8207,-7.0,5.0,23.27871799468994
2328.0,1349.0,2328.299,1348.811,-7.0,5.0,23.34294891357422
2328.0,1349.0,2328.3193,1348.7949,-7.0,5.0,23.41791796684265
2328.0,1349.0,2328.3435,1348.7759,-7.0,5.0,23.463414907455444
2328.0,1349.0,2328.351,1348.7692,-7.0,5.0,23.504451036453247
2329.0,1349.0,2328.389,1348.7628,-8.0,5.0,23.54518699645996
2328.0,1349.0,2328.3958,1348.7562,-7.0,5.0,23.597743034362793
2328.0,1349.0,2328.4082,1348.7457,-7.0,5.0,23.65667486190796
2328.0,1349.0,2328.42,1348.7358,-7.0,5.0,23.70131206512451
2328.0,1349.0,2328.4265,1348.7295,-7.0,5.0,23.74102210998535
2328.0,1349.0,2328.431,1348.725,-7.0,5.0,23.979217052459717
2328.0,1349.0,2328.5266,1348.6532,-7.0,5.0,24.142652988433838
2328.0,1349.0,2328.5703,1348.6196,-7.0,5.0,24.248433113098145
2328.0,1349.0,2328.5964,1348.5992,-7.0,5.0,24.298094034194946
2329.0,1349.0,2328.6294,1348.6002,-8.0,5.0,24.337385177612305
2329.0,1349.0,2328.66,1348.6019,-8.0,5.0,24.378952026367188
2329.0,1349.0,2328.6887,1348.604,-8.0,5.0,24.430551052093506
2329.0,1348.0,2328.722,1348.5679,-8.0,6.0,24.488740921020508
2328.0,1349.0,2328.7236,1348.5643,-7.0,5.0,24.55195903778076
2328.0,1349.0,2328.7249,1348.5613,-7.0,5.0,24.599015951156616
2328.0,1348.0,2328.7192,1348.5286,-7.0,6.0,24.638638973236084
2328.0,1348.0,2328.7112,1348.4989,-7.0,6.0,24.67958688735962
2328.0,1349.0,2328.7039,1348.5034,-7.0,5.0,24.728796005249023
2328.0,1349.0,2328.7004,1348.505,-7.0,5.0,24.79102087020874
2329.0,1349.0,2328.7373,1348.5016,-8.0,5.0,24.84538197517395
2328.0,1349.0,2328.733,1348.5037,-7.0,5.0,24.885494232177734
2328.0,1349.0,2328.7239,1348.5092,-7.0,5.0,24.92705225944519
2328.0,1349.0,2328.7166,1348.5134,-7.0,5.0,24.97963809967041
2328.0,1349.0,2328.7136,1348.5146,-7.0,5.0,25.03770613670349
2329.0,1349.0,2328.7449,1348.5144,-8.0,5.0,25.08094096183777
2329.0,1349.0,2328.7693,1348.5184,-8.0,5.0,25.120558977127075
2328.0,1348.0,2328.7595,1348.4922,-7.0,6.0,25.161638021469116
2329.0,1349.0,2328.7825,1348.4972,-8.0,5.0,25.207934141159058
2329.0,1349.0,2328.8074,1348.5,-8.0,5.0,25.26556706428528
2329.0,1349.0,2328.8354,1348.5006,-8.0,5.0,25.31721782684326
2329.0,1349.0,2328.859,1348.5037,-8.0,5.0,25.360310077667236
2329.0,1349.0,2328.8792,1348.5085,-8.0,5.0,25.40017604827881
2329.0,1348.0,2328.8982,1348.4835,-8.0,6.0,25.450294017791748
2329.0,1348.0,2328.9214,1348.456,-8.0,6.0,25.508920907974243
2329.0,1348.0,2328.9463,1348.4276,-8.0,6.0,25.557918071746826
2329.0,1348.0,2328.9656,1348.4031,-8.0,6.0,25.60061287879944
2329.0,1348.0,2328.983,1348.3802,-8.0,6.0,25.643956184387207
2329.0,1348.0,2329.0005,1348.3577,-8.0,6.0,25.693353176116943
2329.0,1348.0,2329.0212,1348.3331,-8.0,6.0,25.761409997940063
2329.0,1348.0,2329.0457,1348.306,-8.0,6.0,25.820897102355957
2329.0,1348.0,2329.069,1348.2798,-8.0,6.0,25.870492935180664
2329.0,1348.0,2329.0845,1348.2595,-8.0,6.0,25.91928005218506
2329.0,1348.0,2329.102,1348.2377,-8.0,6.0,25.987133979797363
2329.0,1348.0,2329.1245,1348.2126,-8.0,6.0,26.037522077560425
2329.0,1348.0,2329.1396,1348.193,-8.0,6.0,26.076738834381104
2329.0,1348.0,2329.151,1348.1765,-8.0,6.0,26.11501407623291
2329.0,1348.0,2329.1614,1348.1608,-8.0,6.0,26.16497015953064
2329.0,1348.0,2329.177,1348.1414,-8.0,6.0,26.224647045135498
2329.0,1348.0,2329.1946,1348.1206,-8.0,6.0,26.26894187927246
2329.0,1348.0,2329.2058,1348.1049,-8.0,6.0,26.310059070587158
2329.0,1348.0,2329.216,1348.0901,-8.0,6.0,26.34991693496704
2329.0,1348.0,2329.225,1348.0762,-8.0,6.0,26.39378809928894
2329.0,1348.0,2329.2356,1348.0614,-8.0,6.0,26.451567888259888
2329.0,1348.0,2329.2515,1348.0427,-8.0,6.0,26.505277156829834
2329.0,1348.0,2329.2644,1348.0264,-8.0,6.0,26.543081998825073
2329.0,1348.0,2329.2712,1348.0148,-8.0,6.0,26.58305597305298
2329.0,1348.0,2329.2788,1348.0027,-8.0,6.0,26.633980989456177
2329.0,1348.0,2329.2908,1347.9874,-8.0,6.0,26.69197702407837
2329.0,1348.0,2329.3044,1347.971,-8.0,6.0,26.74081015586853
2329.0,1348.0,2329.314,1347.9578,-8.0,6.0,26.77983283996582
2329.0,1348.0,2329.3196,1347.9479,-8.0,6.0,26.82264518737793
2329.0,1348.0,2329.327,1347.9368,-8.0,6.0,26.872633934020996
2329.0,1348.0,2329.3384,1347.9224,-8.0,6.0,26.943201065063477
2329.0,1348.0,2329.3525,1347.9056,-8.0,6.0,26.985890865325928
2329.0,1348.0,2329.359,1347.8955,-8.0,6.0,27.027820825576782
2329.0,1348.0,2329.3643,1347.8864,-8.0,6.0,27.06873106956482
2329.0,1348.0,2329.3691,1347.8774,-8.0,6.0,27.118510961532593
2329.0,1348.0,2329.3794,1347.8643,-8.0,6.0,27.182244062423706
2329.0,1348.0,2329.3906,1347.8503,-8.0,6.0,27.225713968276978
2329.0,1348.0,2329.3945,1347.8427,-8.0,6.0,27.26659393310547
2329.0,1348.0,2329.3982,1347.8352,-8.0,6.0,27.308274030685425
2330.0,1348.0,2329.4272,1347.8275,-9.0,6.0,27.359457969665527
2330.0,1348.0,2329.4597,1347.8167,-9.0,6.0,27.424009084701538
2329.0,1348.0,2329.471,1347.8026,-8.0,6.0,27.469942092895508
2330.0,1348.0,2329.4988,1347.7954,-9.0,6.0,27.51390290260315
2330.0,1348.0,2329.5256,1347.7887,-9.0,6.0,27.55477213859558
2330.0,1348.0,2329.5515,1347.7825,-9.0,6.0,27.61246395111084
2330.0,1348.0,2329.5835,1347.7714,-9.0,6.0,27.674763202667236
2330.0,1348.0,2329.6152,1347.7603,-9.0,6.0,27.722438097000122
2330.0,1348.0,2329.6418,1347.753,-9.0,6.0,27.766883850097656
2330.0,1348.0,2329.666,1347.7474,-9.0,6.0,27.80811882019043
2330.0,1348.0,2329.689,1347.7424,-9.0,6.0,27.859660148620605
2330.0,1348.0,2329.7175,1347.733,-9.0,6.0,27.925294876098633
2330.0,1348.0,2329.746,1347.7238,-9.0,6.0,27.9673330783844
2330.0,1348.0,2329.7678,1347.7191,-9.0,6.0,28.007365942001343
2330.0,1348.0,2329.7878,1347.7156,-9.0,6.0,28.045837879180908
2330.0,1348.0,2329.8071,1347.7122,-9.0,6.0,28.089252948760986
2330.0,1348.0,2329.829,1347.7069,-9.0,6.0,28.171833038330078
2330.0,1348.0,2329.8633,1347.6932,-9.0,6.0,28.2149920463562
2330.0,1348.0,2329.8828,1347.6895,-9.0,6.0,28.26003384590149
2330.0,1348.0,2329.902,1347.6857,-9.0,6.0,28.302798986434937
2330.0,1348.0,2329.9207,1347.6823,-9.0,6.0,28.358646154403687
2330.0,1348.0,2329.9438,1347.6755,-9.0,6.0,28.487572193145752
2330.0,1348.0,2329.9954,1347.6511,-9.0,6.0,28.565916061401367
2330.0,1347.0,2330.0242,1347.6177,-9.0,7.0,28.664891958236694
2330.0,1348.0,2330.0608,1347.6031,-9.0,6.0,28.7044939994812
2330.0,1348.0,2330.0747,1347.6029,-9.0,6.0,28.747197151184082
2330.0,1348.0,2330.089,1347.6022,-9.0,6.0,28.79851508140564
2330.0,1348.0,2330.108,1347.5985,-9.0,6.0,28.86387586593628
2330.0,1348.0,2330.1287,1347.5938,-9.0,6.0,28.908477067947388
2330.0,1348.0,2330.1426,1347.5931,-9.0,6.0,28.947224855422974
2330.0,1348.0,2330.1543,1347.5936,-9.0,6.0,28.98798704147339
2330.0,1348.0,2330.166,1347.594,-9.0,6.0,29.03754997253418
2330.0,1348.0,2330.1816,1347.592,-9.0,6.0,29.098899126052856
2330.0,1348.0,2330.2,1347.5885,-9.0,6.0,29.15165090560913
2330.0,1348.0,2330.215,1347.5867,-9.0,6.0,29.189345836639404
2330.0,1348.0,2330.2244,1347.5881,-9.0,6.0,29.236795902252197
2330.0,1347.0,2330.2373,1347.5651,-9.0,7.0,29.28703498840332
2330.0,1347.0,2330.2515,1347.5415,-9.0,7.0,29.347429037094116
2330.0,1347.0,2330.2673,1347.5171,-9.0,7.0,29.39314103126526
2330.0,1347.0,2330.2783,1347.4957,-9.0,7.0,29.43335795402527
2330.0,1347.0,2330.2869,1347.4762,-9.0,7.0,29.473381996154785
2330.0,1347.0,2330.2954,1347.4569,-9.0,7.0,29.520342111587524
2330.0,1348.0,2330.3071,1347.4575,-9.0,6.0,29.579720973968506
2331.0,1347.0,2330.3442,1347.4341,-10.0,7.0,29.635083198547363
2331.0,1347.0,2330.378,1347.413,-10.0,7.0,29.675868034362793
2331.0,1347.0,2330.4053,1347.3955,-10.0,7.0,29.715285062789917
2330.0,1347.0,2330.4116,1347.3782,-9.0,7.0,29.768261909484863
2330.0,1347.0,2330.4233,1347.3577,-9.0,7.0,29.82396411895752
2331.0,1347.0,2330.4565,1347.337,-10.0,7.0,29.869099140167236
2331.0,1347.0,2330.4841,1347.32,-10.0,7.0,29.90982413291931
2330.0,1347.0,2330.4893,1347.3038,-9.0,7.0,29.949342012405396
2331.0,1347.0,2330.5144,1347.2883,-10.0,7.0,29.988889932632446
2331.0,1347.0,2330.5398,1347.2727,-10.0,7.0,30.048108100891113
2331.0,1347.0,2330.571,1347.2533,-10.0,7.0,30.10389995574951
2331.0,1347.0,2330.6013,1347.2347,-10.0,7.0,30.148032188415527
2331.0,1347.0,2330.6262,1347.2194,-10.0,7.0,30.191767930984497
2331.0,1347.0,2330.6511,1347.2041,-10.0,7.0,30.24151611328125
2331.0,1347.0,2330.6782,1347.1876,-10.0,7.0,30.29984188079834
2331.0,1347.0,2330.708,1347.1694,-10.0,7.0,30.347522974014282
2331.0,1347.0,2330.7312,1347.1552,-10.0,7.0,30.388158082962036
2331.0,1347.0,2330.7527,1347.1422,-10.0,7.0,30.437175989151
2331.0,1347.0,2330.78,1347.1257,-10.0,7.0,30.498919010162354
2331.0,1347.0,2330.8086,1347.1084,-10.0,7.0,30.544813871383667
2331.0,1347.0,2330.8293,1347.096,-10.0,7.0,30.58597993850708
2331.0,1347.0,2330.8484,1347.0845,-10.0,7.0,30.62571096420288
2331.0,1347.0,2330.8674,1347.0729,-10.0,7.0,30.667176008224487
2331.0,1347.0,2330.8892,1347.0598,-10.0,7.0,30.72605800628662
2331.0,1347.0,2330.9128,1347.0455,-10.0,7.0,30.77667498588562
2331.0,1347.0,2330.935,1347.0321,-10.0,7.0,30.8296000957489
2331.0,1347.0,2330.9578,1347.0183,-10.0,7.0,30.8697350025177
2331.0,1347.0,2330.975,1347.008,-10.0,7.0,30.919018030166626
2331.0,1347.0,2330.9973,1346.9948,-10.0,7.0,30.978769063949585
2331.0,1347.0,2331.021,1346.9805,-10.0,7.0,31.02352809906006
2331.0,1347.0,2331.038,1346.9703,-10.0,7.0,31.063038110733032
2331.0,1347.0,2331.0537,1346.961,-10.0,7.0,31.10239291191101
2331.0,1347.0,2331.069,1346.9519,-10.0,7.0,31.144999027252197
2331.0,1347.0,2331.0857,1346.9421,-10.0,7.0,31.203147172927856
2331.0,1347.0,2331.1084,1346.9287,-10.0,7.0,31.253662109375
2331.0,1347.0,2331.1267,1346.918,-10.0,7.0,31.295883178710938
2331.0,1347.0,2331.142,1346.9089,-10.0,7.0,31.33582592010498
2331.0,1347.0,2331.1558,1346.9009,-10.0,7.0,31.382080078125
2331.0,1347.0,2331.173,1346.8909,-10.0,7.0,31.437741994857788
2331.0,1347.0,2331.1929,1346.8792,-10.0,7.0,31.486677169799805
2331.0,1347.0,2331.209,1346.8698,-10.0,7.0,31.525846242904663
2331.0,1347.0,2331.2214,1346.8624,-10.0,7.0,31.566944122314453
2331.0,1347.0,2331.2346,1346.8549,-10.0,7.0,31.61310601234436
2331.0,1346.0,2331.25,1346.8293,-10.0,8.0,31.670722007751465
2331.0,1347.0,2331.2715,1346.8168,-10.0,7.0,31.72421407699585
2331.0,1347.0,2331.2869,1346.8077,-10.0,7.0,31.76446294784546
2331.0,1347.0,2331.2976,1346.8018,-10.0,7.0,31.809314966201782
2331.0,1347.0,2331.3108,1346.7942,-10.0,7.0,31.862753868103027
2331.0,1347.0,2331.3276,1346.7845,-10.0,7.0,31.92351198196411
2331.0,1346.0,2331.347,1346.7574,-10.0,8.0,31.96864914894104
2331.0,1347.0,2331.3604,1346.7499,-10.0,7.0,32.010308027267456
2331.0,1347.0,2331.37,1346.7445,-10.0,7.0,32.05039024353027
2331.0,1347.0,2331.3801,1346.739,-10.0,7.0,32.09820508956909
2331.0,1346.0,2331.3958,1346.7146,-10.0,8.0,32.1598060131073
2332.0,1346.0,2331.4275,1346.6901,-11.0,8.0,32.209229946136475
2332.0,1346.0,2331.4553,1346.6678,-11.0,8.0,32.2490930557251
2331.0,1346.0,2331.464,1346.6481,-10.0,8.0,32.287670850753784
2332.0,1347.0,2331.4875,1346.6437,-11.0,7.0,32.33506107330322
2332.0,1347.0,2331.5164,1346.636,-11.0,7.0,32.396350145339966
2331.0,1347.0,2331.532,1346.6271,-10.0,7.0,32.4438738822937
2331.0,1346.0,2331.5422,1346.6069,-10.0,8.0,32.48636603355408
2331.0,1346.0,2331.5515,1346.5876,-10.0,8.0,32.52872705459595
2331.0,1347.0,2331.5603,1346.5831,-10.0,7.0,32.57344198226929
2331.0,1347.0,2331.5718,1346.5768,-10.0,7.0,32.6328809261322
2332.0,1346.0,2331.6008,1346.5543,-11.0,8.0,32.68201780319214
2332.0,1347.0,2331.6243,1346.5494,-11.0,7.0,32.72261595726013
2332.0,1347.0,2331.6458,1346.5458,-11.0,7.0,32.763177156448364
2332.0,1347.0,2331.667,1346.5421,-11.0,7.0,32.810545921325684
2332.0,1347.0,2331.6902,1346.5372,-11.0,7.0,32.86587309837341
2332.0,1346.0,2331.7175,1346.5162,-11.0,8.0,32.91769003868103
2332.0,1346.0,2331.7415,1346.4973,-11.0,8.0,32.958707094192505
2332.0,1346.0,2331.7615,1346.4808,-11.0,8.0,32.99642896652222
2332.0,1346.0,2331.78,1346.4652,-11.0,8.0,33.04323697090149
2332.0,1346.0,2331.8022,1346.4474,-11.0,8.0,33.09932088851929
2332.0,1346.0,2331.8284,1346.4272,-11.0,8.0,33.15009593963623
2332.0,1346.0,2331.8506,1346.4095,-11.0,8.0,33.18844819068909
2332.0,1346.0,2331.8684,1346.3945,-11.0,8.0,33.22901892662048
2332.0,1346.0,2331.8862,1346.3796,-11.0,8.0,33.2753701210022
2332.0,1346.0,2331.9072,1346.3628,-11.0,8.0,33.33332109451294
2332.0,1346.0,2331.9326,1346.3433,-11.0,8.0,33.38324499130249
2332.0,1346.0,2331.9534,1346.3267,-11.0,8.0,33.42544507980347
2332.0,1346.0,2331.9714,1346.3118,-11.0,8.0,33.4711639881134
2332.0,1346.0,2331.99,1346.2964,-11.0,8.0,33.52769494056702
2332.0,1346.0,2332.0144,1346.2776,-11.0,8.0,33.61885714530945
2332.0,1346.0,2332.0522,1346.2504,-11.0,8.0,33.669106006622314
2332.0,1346.0,2332.0713,1346.235,-11.0,8.0,33.709556102752686
2332.0,1346.0,2332.0872,1346.2217,-11.0,8.0,33.75677299499512
2332.0,1346.0,2332.1082,1346.2053,-11.0,8.0,33.8205771446228
2332.0,1346.0,2332.1343,1346.1858,-11.0,8.0,33.87335419654846
2332.0,1346.0,2332.152,1346.1714,-11.0,8.0,33.91425895690918
2332.0,1346.0,2332.1667,1346.1589,-11.0,8.0,33.95337724685669
2332.0,1346.0,2332.1812,1346.1467,-11.0,8.0,34.00307583808899
2332.0,1346.0,2332.2026,1346.13,-11.0,8.0,34.0652391910553
2332.0,1346.0,2332.2256,1346.1124,-11.0,8.0,34.110881090164185
2332.0,1346.0,2332.2402,1346.1002,-11.0,8.0,34.15082406997681
2332.0,1346.0,2332.254,1346.0886,-11.0,8.0,34.19087505340576
2332.0,1346.0,2332.2678,1346.0769,-11.0,8.0,34.23263907432556
2332.0,1346.0,2332.2842,1346.0637,-11.0,8.0,34.291505098342896
2332.0,1346.0,2332.3044,1346.0477,-11.0,8.0,34.34304904937744
2332.0,1346.0,2332.3215,1346.0339,-11.0,8.0,34.38727903366089
2332.0,1346.0,2332.3367,1346.0217,-11.0,8.0,34.42879509925842
2332.0,1346.0,2332.3508,1346.01,-11.0,8.0,34.47759199142456
2332.0,1346.0,2332.3677,1345.9966,-11.0,8.0,34.53306198120117
2332.0,1346.0,2332.3867,1345.9816,-11.0,8.0,34.58306694030762
2332.0,1346.0,2332.4026,1345.9688,-11.0,8.0,34.62262415885925
2332.0,1346.0,2332.415,1345.9584,-11.0,8.0,34.66093921661377
2332.0,1346.0,2332.4265,1345.9485,-11.0,8.0,34.70787215232849
2333.0,1346.0,2332.4507,1345.9362,-12.0,8.0,34.763566970825195
2333.0,1346.0,2332.4775,1345.9219,-12.0,8.0,34.81370401382446
2333.0,1346.0,2332.5017,1345.9093,-12.0,8.0,34.85364890098572
2333.0,1346.0,2332.522,1345.8993,-12.0,8.0,34.894542932510376
2333.0,1346.0,2332.5422,1345.8893,-12.0,8.0,34.93797588348389
2332.0,1346.0,2332.5566,1345.8779,-11.0,8.0,34.99819993972778
2332.0,1345.0,2332.5781,1345.8541,-11.0,9.0,35.11514401435852
2333.0,1345.0,2332.6272,1345.8174,-12.0,9.0,35.21370887756348
2333.0,1346.0,2332.6694,1345.7922,-12.0,8.0,35.26954007148743
2333.0,1346.0,2332.6948,1345.7786,-12.0,8.0,35.313162088394165
2332.0,1345.0,2332.708,1345.7615,-11.0,9.0,35.35558795928955
2332.0,1346.0,2332.721,1345.7512,-11.0,8.0,35.39465308189392
2332.0,1346.0,2332.7317,1345.7424,-11.0,8.0,35.43731117248535
2333.0,1345.0,2332.752,1345.7253,-12.0,9.0,35.49612617492676
2333.0,1346.0,2332.7764,1345.7117,-12.0,8.0,35.548134088516235
2333.0,1346.0,2332.7986,1345.6993,-12.0,8.0,35.5912070274353
2333.0,1346.0,2332.8184,1345.6886,-12.0,8.0,35.6342990398407
2333.0,1345.0,2332.836,1345.6736,-12.0,9.0,35.68698716163635
2333.0,1346.0,2332.8599,1345.6599,-12.0,8.0,35.76086211204529
2333.0,1345.0,2332.8892,1345.6373,-12.0,9.0,35.80195498466492
2333.0,1345.0,2332.9067,1345.6228,-12.0,9.0,35.843841791152954
2333.0,1345.0,2332.9255,1345.6074,-12.0,9.0,35.88541507720947
2333.0,1345.0,2332.942,1345.5935,-12.0,9.0,35.98852014541626
2333.0,1345.0,2332.987,1345.5603,-12.0,9.0,36.04048705101013
2333.0,1345.0,2333.006,1345.5449,-12.0,9.0,36.07979893684387
2333.0,1345.0,2333.0225,1345.5315,-12.0,9.0,36.119879961013794
2333.0,1345.0,2333.0386,1345.5181,-12.0,9.0,36.160683155059814
2333.0,1345.0,2333.0552,1345.5044,-12.0,9.0,36.199522972106934
2333.0,1345.0,2333.0718,1345.4908,-12.0,9.0,36.25773811340332
2333.0,1345.0,2333.0955,1345.4724,-12.0,9.0,36.321704149246216
2333.0,1345.0,2333.1216,1345.4523,-12.0,9.0,36.36518406867981
2333.0,1345.0,2333.1387,1345.4385,-12.0,9.0,36.40489411354065
2333.0,1345.0,2333.1545,1345.4255,-12.0,9.0,36.461045026779175
2333.0,1345.0,2333.1792,1345.4065,-12.0,9.0,36.51888298988342
2333.0,1345.0,2333.2026,1345.3884,-12.0,9.0,36.561633825302124
2333.0,1345.0,2333.2178,1345.3763,-12.0,9.0,36.60423517227173
2333.0,1345.0,2333.2349,1345.3629,-12.0,9.0,36.65632486343384
2333.0,1345.0,2333.2568,1345.346,-12.0,9.0,36.72009515762329
2333.0,1345.0,2333.282,1345.3269,-12.0,9.0,36.76401114463806
2334.0,1345.0,2333.302,1345.3121,-13.0,9.0,36.808812856674194
2334.0,1345.0,2333.3196,1345.2992,-13.0,9.0,36.84932899475098
2334.0,1345.0,2333.337,1345.2865,-13.0,9.0,36.900787115097046
2334.0,1345.0,2333.3599,1345.2697,-13.0,9.0,36.963318824768066
2334.0,1345.0,2333.385,1345.2512,-13.0,9.0,37.005507946014404
2334.0,1345.0,2333.403,1345.2379,-13.0,9.0,37.044610023498535
2334.0,1345.0,2333.4192,1345.2261,-13.0,9.0,37.084197998046875
2334.0,1345.0,2333.4358,1345.2139,-13.0,9.0,37.13063097000122
2334.0,1345.0,2333.457,1345.1981,-13.0,9.0,37.192965030670166
2334.0,1345.0,2333.484,1345.1785,-13.0,9.0,37.244256019592285
2333.0,1345.0,2333.505,1345.1641,-12.0,9.0,37.28706121444702
2333.0,1345.0,2333.524,1345.1511,-12.0,9.0,37.32727789878845
2333.0,1345.0,2333.542,1345.1388,-12.0,9.0,37.37542414665222
2333.0,1345.0,2333.5657,1345.1226,-12.0,9.0,37.438273191452026
2333.0,1345.0,2333.594,1345.1029,-12.0,9.0,37.48632502555847
2334.0,1345.0,2333.6116,1345.0891,-13.0,9.0,37.53037905693054
2334.0,1345.0,2333.6287,1345.0757,-13.0,9.0,37.57228493690491
2334.0,1345.0,2333.6455,1345.0625,-13.0,9.0,37.629091024398804
2334.0,1345.0,2333.6704,1345.0432,-13.0,9.0,37.69449305534363
2333.0,1345.0,2333.7004,1345.0232,-12.0,9.0,37.73910307884216
2333.0,1345.0,2333.723,1345.0088,-12.0,9.0,37.78542613983154
2334.0,1345.0,2333.7424,1344.9933,-13.0,9.0,37.840951919555664
2333.0,1345.0,2333.768,1344.9769,-12.0,9.0,37.90031909942627
2333.0,1345.0,2333.7986,1344.9572,-12.0,9.0,37.97928309440613
2334.0,1345.0,2333.832,1344.9307,-13.0,9.0,38.222551107406616
2334.0,1345.0,2333.933,1344.8529,-13.0,9.0,38.26642394065857
2334.0,1345.0,2333.9512,1344.8375,-13.0,9.0,38.312495946884155
2334.0,1345.0,2333.971,1344.8209,-13.0,9.0,38.359192848205566
2334.0,1345.0,2333.991,1344.8041,-13.0,9.0,38.40296721458435
2334.0,1345.0,2334.0095,1344.7881,-13.0,9.0,38.45089507102966
2334.0,1345.0,2334.031,1344.7699,-13.0,9.0,38.51515817642212
2334.0,1344.0,2334.0583,1344.758,-13.0,10.0,38.5636031627655
2334.0,1345.0,2334.0798,1344.7396,-13.0,9.0,38.61053395271301
2334.0,1345.0,2334.1045,1344.7186,-13.0,9.0,38.66562223434448
2334.0,1345.0,2334.1272,1344.6991,-13.0,9.0,38.81343913078308
2334.0,1345.0,2334.192,1344.6476,-13.0,9.0,38.86433386802673
2334.0,1344.0,2334.2173,1344.64,-13.0,10.0,38.94833207130432
2334.0,1344.0,2334.2583,1344.6215,-13.0,10.0,39.02241802215576
2334.0,1344.0,2334.2927,1344.6086,-13.0,10.0,39.069568157196045
2334.0,1344.0,2334.318,1344.6036,-13.0,10.0,39.12066698074341
2334.0,1344.0,2334.3472,1344.5966,-13.0,10.0,39.43725085258484
2334.0,1344.0,2334.4924,1344.5028,-13.0,10.0,39.497411012649536
2334.0,1344.0,2334.529,1344.4944,-13.0,10.0,39.55186104774475
2334.0,1344.0,2334.5652,1344.4878,-13.0,10.0,39.613818883895874
2334.0,1344.0,2334.607,1344.4783,-13.0,10.0,39.66998100280762
2334.0,1344.0,2334.6467,1344.4719,-13.0,10.0,39.765146017074585
2334.0,1344.0,2334.7134,1344.4468,-13.0,10.0,39.83504390716553
2334.0,1344.0,2334.7593,1344.4404,-13.0,10.0,39.9124231338501
2334.0,1344.0,2334.8162,1344.4277,-13.0,10.0,39.97650909423828
2335.0,1344.0,2334.8372,1344.4202,-14.0,10.0,40.02246403694153
2335.0,1344.0,2334.8523,1344.4181,-14.0,10.0,40.06463003158569
2335.0,1344.0,2334.864,1344.4196,-14.0,10.0,40.10522723197937
2334.0,1344.0,2334.9148,1344.4214,-13.0,10.0,40.158478021621704
2334.0,1344.0,2334.976,1344.4191,-13.0,10.0,40.219006061553955
2335.0,1344.0,2335.001,1344.4159,-14.0,10.0,40.27538704872131
2334.0,1344.0,2335.0713,1344.4149,-13.0,10.0,40.31382894515991
2334.0,1344.0,2335.1404,1344.4211,-13.0,10.0,40.354618072509766
2334.0,1344.0,2335.217,1344.4281,-13.0,10.0,40.40447020530701
2334.0,1344.0,2335.3074,1344.4323,-13.0,10.0,40.467976093292236
2334.0,1344.0,2335.4119,1344.4349,-13.0,10.0,40.514432191848755
2334.0,1344.0,2335.5222,1344.4451,-13.0,10.0,40.55475115776062
2334.0,1344.0,2335.6428,1344.4614,-13.0,10.0,40.59466814994812
2335.0,1344.0,2335.7078,1344.4805,-14.0,10.0,40.643275022506714
2335.0,1344.0,2335.7883,1344.4988,-14.0,10.0,40.71495008468628
2334.0,1344.0,2335.9758,1344.5173,-13.0,10.0,40.75945997238159
2334.0,1344.0,2336.19,1344.5493,-13.0,10.0,40.80906891822815
2334.0,1344.0,2336.4504,1344.5896,-13.0,10.0,40.8524911403656
2334.0,1344.0,2336.77,1344.6455,-13.0,10.0,40.912753105163574
2335.0,1344.0,2337.0464,1344.7118,-14.0,10.0,40.967005014419556
2335.0,1344.0,2337.408,1344.8068,-14.0,10.0,41.01229906082153
2335.0,1344.0,2337.906,1344.9471,-14.0,10.0,41.049854040145874
2335.0,1344.0,2338.6438,1345.1647,-14.0,10.0,41.10090208053589
2335.0,1344.0,2339.8728,1345.5237,-14.0,10.0,41.16179394721985
2335.0,1344.0,2342.3115,1346.2424,-14.0,10.0,41.205678939819336
2335.0,1344.0,2349.482,1348.4009,-14.0,10.0,41.24581599235535
2335.0,1344.0,2349.4885,1348.3834,-28.488525390625,5.6165771484375,41.286444902420044
2335.0,1344.0,2349.4949,1348.366,-28.494873046875,5.634033203125,41.331916093826294
2335.0,1344.0,2349.5017,1348.3462,-28.501708984375,5.65380859375,41.39323616027832
2335.0,1344.0,2349.511,1348.3184,-28.510986328125,5.681640625,41.442912101745605
2335.0,1344.0,2349.5176,1348.2972,-28.517578125,5.7027587890625,41.48085594177246
2335.0,1344.0,2349.5225,1348.2803,-28.5224609375,5.7197265625,41.52165412902832
2335.0,1344.0,2349.5276,1348.2621,-28.527587890625,5.7379150390625,41.57557201385498
2335.0,1343.0,2349.5342,1348.2368,-28.5341796875,5.76318359375,41.63764691352844
2335.0,1343.0,2349.5408,1348.2086,-28.540771484375,5.7913818359375,41.68617606163025
2335.0,1344.0,2349.5454,1348.1864,-28.54541015625,5.8135986328125,41.72741103172302
2335.0,1344.0,2349.5488,1348.1686,-28.548828125,5.8314208984375,41.76783299446106
2335.0,1343.0,2349.5522,1348.1499,-28.55224609375,5.85009765625,41.82004904747009
2335.0,1343.0,2349.5564,1348.1245,-28.556396484375,5.87548828125,41.881048917770386
2335.0,1343.0,2349.5605,1348.0968,-28.560546875,5.9031982421875,41.92825412750244
2335.0,1343.0,2349.5635,1348.0736,-28.5634765625,5.9263916015625,41.969473123550415
2335.0,1343.0,2349.5654,1348.0555,-28.5654296875,5.9444580078125,42.00950598716736
2336.0,1343.0,2349.5674,1348.0364,-28.5673828125,5.963623046875,42.058151960372925
2335.0,1344.0,2349.5696,1348.0104,-28.569580078125,5.9896240234375,42.130839824676514
2335.0,1344.0,2349.5715,1347.9781,-28.571533203125,6.0218505859375,42.17495608329773
2335.0,1343.0,2349.5725,1347.9554,-28.572509765625,6.0445556640625,42.2157998085022
2335.0,1343.0,2349.573,1347.9369,-28.572998046875,6.0631103515625,42.255391120910645
2335.0,1344.0,2349.5732,1347.9174,-28.5732421875,6.0826416015625,42.310145139694214
2335.0,1343.0,2349.5732,1347.8896,-28.5732421875,6.1103515625,42.36554193496704
2335.0,1343.0,2349.5728,1347.861,-28.57275390625,6.1390380859375,42.408926010131836
2335.0,1343.0,2349.572,1347.8403,-28.572021484375,6.15966796875,42.45218205451965
2335.0,1344.0,2349.571,1347.8195,-28.571044921875,6.1805419921875,42.49113202095032
2335.0,1343.0,2349.5698,1347.7997,-28.56982421875,6.2003173828125,42.534173011779785
2335.0,1343.0,2349.5679,1347.7739,-28.56787109375,6.22607421875,42.60796904563904
2335.0,1343.0,2349.5642,1347.7365,-28.564208984375,6.2635498046875,42.659953117370605
2335.0,1343.0,2349.5615,1347.7134,-28.5615234375,6.28662109375,42.69977307319641
2335.0,1343.0,2349.5588,1347.6931,-28.558837890625,6.306884765625,42.740922927856445
2335.0,1343.0,2349.556,1347.6719,-28.555908203125,6.328125,42.79772925376892
2335.0,1343.0,2349.5508,1347.6396,-28.55078125,6.3603515625,42.868836879730225
2336.0,1343.0,2528.5088,1408.4391,-15.0,11.0,42.93399906158447
2336.0,1343.0,2320.1975,1337.6311,-15.0,11.0,43.032166957855225
2336.0,1343.0,2328.4185,1340.4009,-15.0,11.0,43.0981662273407
2336.0,1343.0,2331.0178,1341.2704,-15.0,11.0,43.14242219924927
2336.0,1343.0,2332.2905,1341.6973,-15.0,11.0,43.189594984054565
2335.0,1343.0,2332.8503,1341.9453,-14.0,11.0,43.22859501838684
2335.0,1343.0,2333.221,1342.1089,-14.0,11.0,43.277332067489624
2335.0,1343.0,2333.49,1342.2188,-14.0,11.0,43.3344521522522
2336.0,1343.0,2333.8186,1342.2946,-15.0,11.0,43.384727239608765
2336.0,1343.0,2334.0696,1342.3557,-15.0,11.0,43.42915606498718
2336.0,1343.0,2334.2708,1342.4028,-15.0,11.0,43.47066402435303
2336.0,1343.0,2334.4353,1342.4401,-15.0,11.0,43.51512098312378
2336.0,1343.0,2334.575,1342.4668,-15.0,11.0,43.57366895675659
2336.0,1343.0,2334.696,1342.4845,-15.0,11.0,43.62367510795593
2336.0,1343.0,2334.7969,1342.5015,-15.0,11.0,43.66686201095581
2336.0,1343.0,2334.8838,1342.5157,-15.0,11.0,43.71384882926941
2336.0,1343.0,2334.963,1342.5236,-15.0,11.0,43.77927303314209
2336.0,1343.0,2335.0398,1342.5195,-15.0,11.0,43.8952431678772
2336.0,1343.0,2335.1174,1342.5006,-15.0,11.0,43.94026803970337
2336.0,1343.0,2335.168,1342.5066,-15.0,11.0,43.9811851978302
2336.0,1343.0,2335.214,1342.5104,-15.0,11.0,44.030125856399536
2336.0,1343.0,2335.2588,1342.5089,-15.0,11.0,44.08772420883179
2336.0,1343.0,2335.3032,1342.5006,-15.0,11.0,44.140799045562744
2336.0,1343.0,2335.3396,1342.4976,-15.0,11.0,44.180554151535034
2336.0,1343.0,2335.371,1342.4966,-15.0,11.0,44.221571922302246
2336.0,1343.0,2335.4006,1342.494,-15.0,11.0,44.299243211746216
2336.0,1343.0,2335.4404,1342.4707,-15.0,11.0,44.414849042892456
2336.0,1343.0,2335.4834,1342.4365,-15.0,11.0,44.47274303436279
2336.0,1343.0,2335.5095,1342.4229,-15.0,11.0,44.5198450088501
2336.0,1343.0,2335.5317,1342.4121,-15.0,11.0,44.59561514854431
2336.0,1343.0,2335.5613,1342.3851,-15.0,11.0,44.65410113334656
2336.0,1343.0,2335.581,1342.3701,-15.0,11.0,44.69785785675049
2336.0,1343.0,2335.5981,1342.3566,-15.0,11.0,44.74000120162964
2336.0,1343.0,2335.613,1342.3441,-15.0,11.0,44.81303787231445
2336.0,1343.0,2335.6357,1342.3147,-15.0,11.0,44.866177797317505
2336.0,1343.0,2335.6516,1342.2936,-15.0,11.0,44.90963101387024
2336.0,1343.0,2335.6638,1342.2766,-15.0,11.0,44.949506998062134
2336.0,1343.0,2335.6753,1342.2587,-15.0,11.0,45.00369119644165
2336.0,1343.0,2335.69,1342.2312,-15.0,11.0,45.059545040130615
2336.0,1343.0,2335.7031,1342.2036,-15.0,11.0,45.102277994155884
2336.0,1343.0,2335.7126,1342.1798,-15.0,11.0,45.14412808418274
2336.0,1343.0,2335.7217,1342.1543,-15.0,11.0,45.19398522377014
2336.0,1343.0,2335.7334,1342.1191,-15.0,11.0,45.264657974243164
2336.0,1343.0,2335.7468,1342.0756,-15.0,11.0,45.3100528717041
2336.0,1343.0,2335.7554,1342.0386,-15.0,11.0,45.35277819633484
2336.0,1343.0,2335.7617,1342.0028,-15.0,11.0,45.393365144729614
2336.0,1343.0,2335.7676,1341.9639,-15.0,11.0,45.44491410255432
2337.0,1342.0,2335.7573,1341.932,-16.0,12.0,45.50809097290039
2337.0,1342.0,2335.744,1341.8936,-16.0,12.0,45.55257511138916
2337.0,1342.0,2335.7224,1341.863,-16.0,12.0,45.594356060028076
2337.0,1342.0,2335.6946,1341.8362,-16.0,12.0,45.633825063705444
2337.0,1342.0,2335.6619,1341.8075,-16.0,12.0,45.68216896057129
2337.0,1342.0,2335.6243,1341.7676,-16.0,12.0,45.742679834365845
2337.0,1342.0,2335.5784,1341.723,-16.0,12.0,45.790547132492065
2337.0,1342.0,2335.5217,1341.6824,-16.0,12.0,45.83130407333374
2337.0,1342.0,2335.4546,1341.6417,-16.0,12.0,45.87136912345886
2337.0,1342.0,2335.375,1341.5967,-16.0,12.0,45.92008996009827
2337.0,1342.0,2335.279,1341.5386,-16.0,12.0,45.98219895362854
2337.0,1342.0,2335.1604,1341.4667,-16.0,12.0,46.0286591053009
2337.0,1342.0,2335.0156,1341.3934,-16.0,12.0,46.07042598724365
2337.0,1342.0,2334.8376,1341.3108,-16.0,12.0,46.113688945770264
2337.0,1342.0,2334.6133,1341.2092,-16.0,12.0,46.15764808654785
2337.0,1342.0,2334.3228,1341.0801,-16.0,12.0,46.21566700935364
2337.0,1342.0,2333.9294,1340.9059,-16.0,12.0,46.26818799972534
2337.0,1342.0,2333.3806,1340.6722,-16.0,12.0,46.309002161026
2337.0,1342.0,2332.585,1340.3501,-16.0,12.0,46.35083293914795
2337.0,1342.0,2331.307,1339.8391,-16.0,12.0,46.39744186401367
2337.0,1342.0,2328.9229,1338.8945,-16.0,12.0,46.45995092391968
2337.0,1342.0,2322.8223,1336.4841,-16.0,12.0,46.51423192024231
2337.0,1342.0,2278.7349,1319.2045,-16.0,12.0,46.55551600456238
2337.0,1342.0,2364.7217,1352.857,-16.0,12.0,46.59997916221619
2337.0,1342.0,2348.2048,1346.3774,-16.0,12.0,46.65399694442749
2337.0,1342.0,2344.0432,1344.7322,-16.0,12.0,46.71306610107422
2337.0,1342.0,2342.151,1343.976,-16.0,12.0,46.75704097747803
2337.0,1342.0,2341.0603,1343.5391,-16.0,12.0,46.796926975250244
2337.0,1342.0,2340.356,1343.2546,-16.0,12.0,46.83746004104614
2337.0,1342.0,2339.868,1343.054,-16.0,12.0,46.88140606880188
2338.0,1342.0,2339.6528,1342.9038,-17.0,12.0,46.940980195999146
2337.0,1342.0,2339.3826,1342.7842,-16.0,12.0,46.99153208732605
2337.0,1342.0,2339.1567,1342.6892,-16.0,12.0,47.03349590301514
2338.0,1342.0,2339.0764,1342.6112,-17.0,12.0,47.07427906990051
2338.0,1342.0,2339.0073,1342.5466,-17.0,12.0,47.11834192276001
2338.0,1342.0,2338.9575,1342.49,-17.0,12.0,47.17500710487366
2338.0,1342.0,2338.9263,1342.4382,-17.0,12.0,47.22338318824768
2338.0,1342.0,2338.8928,1342.3947,-17.0,12.0,47.26135301589966
2338.0,1342.0,2338.8584,1342.3579,-17.0,12.0,47.30503511428833
2338.0,1341.0,2338.8347,1342.2556,-17.0,13.0,47.35067105293274
2338.0,1341.0,2338.8176,1342.1628,-17.0,13.0,47.411937952041626
2338.0,1341.0,2338.8145,1342.075,-17.0,13.0,47.4602370262146
2338.0,1341.0,2338.8042,1341.998,-17.0,13.0,47.50045609474182
2338.0,1341.0,2338.788,1341.9309,-17.0,13.0,47.54006791114807
2338.0,1341.0,2338.7754,1341.8689,-17.0,13.0,47.585289001464844
2338.0,1341.0,2338.775,1341.8069,-17.0,13.0,47.647331953048706
2338.0,1341.0,2338.778,1341.7479,-17.0,13.0,47.69317889213562
2338.0,1341.0,2338.7737,1341.6971,-17.0,13.0,47.734559059143066
2338.0,1341.0,2338.7683,1341.6506,-17.0,13.0,47.77509903907776
2338.0,1342.0,2338.764,1341.6498,-17.0,12.0,47.82707500457764
2338.0,1342.0,2338.7705,1341.6428,-17.0,12.0,47.88874411582947
2338.0,1341.0,2338.7834,1341.5934,-17.0,13.0,47.93557596206665
2338.0,1341.0,2338.7825,1341.5547,-17.0,13.0,47.97800302505493
2338.0,1341.0,2338.7825,1341.5177,-17.0,13.0,48.020535945892334
2338.0,1341.0,2338.7832,1341.4825,-17.0,13.0,48.06709599494934
2338.0,1341.0,2338.7903,1341.4456,-17.0,13.0,48.15838599205017
2338.0,1341.0,2338.822,1341.3947,-17.0,13.0,48.203731060028076
2338.0,1341.0,2338.826,1341.3634,-17.0,13.0,48.241633892059326
2338.0,1341.0,2338.8254,1341.3365,-17.0,13.0,48.28443503379822
2338.0,1341.0,2338.8289,1341.3083,-17.0,13.0,48.34341788291931
2338.0,1341.0,2338.8435,1341.2738,-17.0,13.0,48.39779210090637
2338.0,1341.0,2338.8542,1341.2432,-17.0,13.0,48.4377920627594
2338.0,1341.0,2338.8577,1341.2189,-17.0,13.0,48.478853940963745
2338.0,1341.0,2338.8613,1341.1956,-17.0,13.0,48.52708411216736
2338.0,1341.0,2338.8708,1341.169,-17.0,13.0,48.584399938583374
2338.0,1341.0,2338.8853,1341.1395,-17.0,13.0,48.63427686691284
2338.0,1341.0,2338.8967,1341.1132,-17.0,13.0,48.67534613609314
2338.0,1341.0,2338.9011,1341.0931,-17.0,13.0,48.71958303451538
2339.0,1341.0,2338.9287,1341.0709,-18.0,13.0,48.77080202102661
2339.0,1341.0,2338.9597,1341.0461,-18.0,13.0,48.84141206741333
2339.0,1341.0,2339.0024,1341.0121,-18.0,13.0,48.884697914123535
2338.0,1341.0,2339.01,1340.9924,-17.0,13.0,48.9307758808136
2338.0,1341.0,2339.021,1340.9707,-17.0,13.0,48.971062898635864
2338.0,1341.0,2339.0276,1340.9531,-17.0,13.0,49.0207040309906
2339.0,1341.0,2339.0562,1340.93,-18.0,13.0,49.07778596878052
2339.0,1341.0,2339.088,1340.9043,-18.0,13.0,49.12680721282959
2338.0,1341.0,2339.1018,1340.8828,-17.0,13.0,49.166183948516846
2338.0,1341.0,2339.1104,1340.8663,-17.0,13.0,49.20844507217407
2339.0,1341.0,2339.1345,1340.8466,-18.0,13.0,49.26022410392761
2339.0,1341.0,2339.1604,1340.8252,-18.0,13.0,49.319748878479004
2338.0,1341.0,2339.1829,1340.799,-17.0,13.0,49.36823010444641
2339.0,1341.0,2339.2092,1340.777,-18.0,13.0,49.410250186920166
2339.0,1341.0,2339.229,1340.7605,-18.0,13.0,49.4507269859314
2339.0,1341.0,2339.25,1340.7429,-18.0,13.0,49.50351595878601
2339.0,1341.0,2339.2778,1340.7195,-18.0,13.0,49.56370282173157
2339.0,1341.0,2339.3088,1340.6935,-18.0,13.0,49.61083507537842
2339.0,1340.0,2339.334,1340.668,-18.0,14.0,49.65307307243347
2339.0,1340.0,2339.3547,1340.6466,-18.0,14.0,49.69544315338135
2339.0,1340.0,2339.3772,1340.6245,-18.0,14.0,49.749258041381836
2339.0,1340.0,2339.406,1340.5973,-18.0,14.0,49.81247305870056
2339.0,1340.0,2339.4407,1340.5658,-18.0,14.0,49.86032795906067
2339.0,1340.0,2339.4668,1340.5425,-18.0,14.0,49.90012001991272
2339.0,1340.0,2339.4878,1340.5244,-18.0,14.0,49.941027879714966
2339.0,1340.0,2339.511,1340.5049,-18.0,14.0,49.99484920501709
2339.0,1340.0,2339.5417,1340.4791,-18.0,14.0,50.05100989341736
2339.0,1340.0,2339.5764,1340.4506,-18.0,14.0,50.10066485404968
2339.0,1340.0,2339.6035,1340.4297,-18.0,14.0,50.140223026275635
2339.0,1341.0,2339.6272,1340.4071,-18.0,13.0,50.179628133773804
2339.0,1341.0,2339.652,1340.383,-18.0,13.0,50.225337982177734
2339.0,1341.0,2339.6829,1340.3538,-18.0,13.0,50.28184509277344
2339.0,1341.0,2339.7192,1340.319,-18.0,13.0,50.335180044174194
2339.0,1341.0,2339.7522,1340.2872,-18.0,13.0,50.37884306907654
2339.0,1340.0,2339.7832,1340.2684,-18.0,14.0,50.4207980632782
2339.0,1340.0,2339.8145,1340.2505,-18.0,14.0,50.470990896224976
2339.0,1340.0,2339.8535,1340.2261,-18.0,14.0,50.52850103378296
2339.0,1340.0,2339.8948,1340.201,-18.0,14.0,50.57538390159607
2339.0,1340.0,2339.9314,1340.1819,-18.0,14.0,50.61713004112244
2339.0,1340.0,2339.9688,1340.1636,-18.0,14.0,50.6595458984375
2339.0,1340.0,2340.0093,1340.1436,-18.0,14.0,50.704602003097534
2339.0,1340.0,2340.0518,1340.1233,-18.0,14.0,50.767322063446045
2339.0,1340.0,2340.1096,1340.0897,-18.0,14.0,50.85172700881958
2339.0,1340.0,2340.1743,1340.0522,-18.0,14.0,50.89031791687012
2339.0,1340.0,2340.2244,1340.0326,-18.0,14.0,50.937905073165894
2339.0,1340.0,2340.281,1340.0089,-18.0,14.0,50.9987690448761
2339.0,1340.0,2340.349,1339.9768,-18.0,14.0,51.04950523376465
2339.0,1340.0,2340.4163,1339.9497,-18.0,14.0,51.09403705596924
2340.0,1340.0,2340.452,1339.9242,-19.0,14.0,51.13313293457031
2340.0,1340.0,2340.487,1339.9005,-19.0,14.0,51.18509602546692
2340.0,1340.0,2340.532,1339.8676,-19.0,14.0,51.247284173965454
2340.0,1340.0,2340.5833,1339.8295,-19.0,14.0,51.289592027664185
2340.0,1340.0,2340.63,1339.7991,-19.0,14.0,51.330974102020264
2340.0,1340.0,2340.682,1339.7651,-19.0,14.0,51.37255311012268
2340.0,1340.0,2340.7356,1339.7319,-19.0,14.0,51.416603088378906
2340.0,1340.0,2340.7979,1339.6929,-19.0,14.0,51.47445511817932
2340.0,1340.0,2340.8745,1339.6418,-19.0,14.0,51.525705099105835
2339.0,1340.0,2341.023,1339.5906,-18.0,14.0,51.56395411491394
2339.0,1340.0,2341.1873,1339.5397,-18.0,14.0,51.605895042419434
2340.0,1340.0,2341.3003,1339.4801,-19.0,14.0,51.65483999252319
2340.0,1340.0,2341.4368,1339.4064,-19.0,14.0,51.71592402458191
2340.0,1340.0,2341.6035,1339.3151,-19.0,14.0,51.76236391067505
2340.0,1340.0,2341.8003,1339.2129,-19.0,14.0,51.80664610862732
2340.0,1340.0,2342.0413,1339.0919,-19.0,14.0,51.84703183174133
2340.0,1340.0,2342.3486,1338.9401,-19.0,14.0,51.898741006851196
2340.0,1340.0,2342.7632,1338.7329,-19.0,14.0,51.95470190048218
2340.0,1340.0,2343.347,1338.4413,-19.0,14.0,52.00749206542969
2340.0,1339.0,2344.2188,1338.2684,-19.0,15.0,52.049731969833374
2340.0,1339.0,2345.675,1337.9939,-19.0,15.0,52.0896999835968
2340.0,1339.0,2348.636,1337.4432,-19.0,15.0,52.139070987701416
2340.0,1339.0,2357.9565,1335.7158,-19.0,15.0,52.19882893562317
2340.0,1339.0,2098.6797,1383.494,-19.0,15.0,52.249943256378174
2340.0,1339.0,2099.1404,1383.3905,221.859619140625,-29.3905029296875,52.2892529964447
2340.0,1339.0,2099.555,1383.2975,221.445068359375,-29.2974853515625,52.32979893684387
2340.0,1339.0,2099.9915,1383.1997,221.008544921875,-29.19970703125,52.382153034210205
2340.0,1339.0,2100.6184,1383.0593,220.381591796875,-29.059326171875,52.443740129470825
2340.0,1339.0,2101.2793,1382.9116,219.720703125,-28.91162109375,52.489004135131836
2340.0,1339.0,2101.7454,1382.8076,219.254638671875,-28.8076171875,52.53074908256531
2341.0,1339.0,2102.185,1382.7096,218.81494140625,-28.7095947265625,52.57034707069397
2341.0,1339.0,2102.63,1382.6106,218.3701171875,-28.610595703125,52.616215229034424
2341.0,1339.0,2103.1897,1382.4862,217.810302734375,-28.4862060546875,52.67382597923279
2340.0,1339.0,2103.855,1382.3385,217.14501953125,-28.3385009765625,52.72360706329346
2340.0,1339.0,2104.3904,1382.2198,216.609619140625,-28.2198486328125,52.76502203941345
2340.0,1339.0,2104.8633,1382.1151,216.13671875,-28.1151123046875,52.80979585647583
2341.0,1339.0,2105.423,1381.9913,215.576904296875,-27.9913330078125,52.862431049346924
2341.0,1339.0,2106.0605,1381.8506,214.939453125,-27.8505859375,52.92261099815369
2341.0,1339.0,2106.786,1381.6907,214.214111328125,-27.690673828125,52.96915006637573
2341.0,1340.0,2107.3047,1381.5764,213.6953125,-27.576416015625,53.01110315322876
2341.0,1339.0,2107.8103,1381.4652,213.189697265625,-27.4652099609375,53.052144050598145
2341.0,1339.0,2108.35,1381.3467,212.64990234375,-27.3466796875,53.10007905960083
2341.0,1339.0,2108.937,1381.2179,212.06298828125,-27.2178955078125,53.16473722457886
2341.0,1339.0,2109.787,1381.0316,211.212890625,-27.0316162109375,53.214252948760986
2341.0,1339.0,2110.3503,1380.9083,210.649658203125,-26.9083251953125,53.2549889087677
2341.0,1339.0,2110.8674,1380.7953,210.132568359375,-26.7952880859375,53.295613050460815
2341.0,1339.0,2111.3896,1380.6812,209.6103515625,-26.68115234375,53.346315145492554
2341.0,1339.0,2112.0747,1380.5316,208.92529296875,-26.5316162109375,53.40618300437927
2341.0,1339.0,2112.853,1380.3619,208.14697265625,-26.3619384765625,53.453569173812866
2341.0,1339.0,2113.454,1380.2311,207.5458984375,-26.2310791015625,53.49328017234802
2341.0,1339.0,2113.9812,1380.1165,207.018798828125,-26.116455078125,53.53078508377075
2341.0,1339.0,2114.4832,1380.0074,206.516845703125,-26.0074462890625,53.57831907272339
2341.0,1339.0,2115.1382,1379.8652,205.86181640625,-25.865234375,53.63738822937012
2341.0,1339.0,2115.9373,1379.6919,205.062744140625,-25.69189453125,53.68541717529297
2341.0,1339.0,2116.592,1379.55,204.407958984375,-25.550048828125,53.726784229278564
2341.0,1339.0,2117.1768,1379.4235,203.8232421875,-25.4234619140625,53.76686191558838
2341.0,1339.0,2117.7263,1379.3046,203.273681640625,-25.3045654296875,53.81559991836548
2341.0,1339.0,2118.4146,1379.1559,202.58544921875,-25.1558837890625,53.87424898147583
2341.0,1338.0,2119.3076,1378.9631,201.6923828125,-24.963134765625,53.9351692199707
2341.0,1339.0,2120.122,1378.7876,200.8779296875,-24.78759765625,53.998730182647705
2341.0,1339.0,2121.0325,1378.5916,199.967529296875,-24.591552734375,54.06120991706848
2341.0,1338.0,2121.9817,1378.3875,199.018310546875,-24.387451171875,54.12232780456543
2341.0,1339.0,2122.8638,1378.198,198.13623046875,-24.197998046875,54.166956186294556
2341.0,1339.0,2123.509,1378.0596,197.490966796875,-24.0595703125,54.204631090164185
2341.0,1339.0,2124.0737,1377.9385,196.92626953125,-23.9384765625,54.24524807929993
2341.0,1339.0,2124.6895,1377.8065,196.310546875,-23.8065185546875,54.29585289955139
2341.0,1339.0,2125.4717,1377.639,195.5283203125,-23.6390380859375,54.351659059524536
2341.0,1339.0,2126.355,1377.4501,194.64501953125,-23.4500732421875,54.40344786643982
2341.0,1338.0,2127.1887,1377.2719,193.811279296875,-23.2718505859375,54.44628405570984
2341.0,1338.0,2127.776,1377.1465,193.22412109375,-23.146484375,54.486812114715576
2341.0,1338.0,2128.4102,1377.0111,192.58984375,-23.0111083984375,54.535183906555176
2341.0,1339.0,2129.3022,1376.8208,191.69775390625,-22.82080078125,54.598005056381226
2342.0,1339.0,2130.2542,1376.6179,190.745849609375,-22.617919921875,54.646393060684204
2342.0,1339.0,2130.9734,1376.4648,190.026611328125,-22.46484375,54.686145067214966
2342.0,1338.0,2131.5938,1376.3329,189.40625,-22.3328857421875,54.72511291503906
2341.0,1338.0,2132.2253,1376.1986,188.774658203125,-22.1986083984375,54.767189025878906
2341.0,1338.0,2132.9927,1376.0356,188.00732421875,-22.03564453125,54.82863903045654
2342.0,1339.0,2133.963,1375.8297,187.037109375,-21.8297119140625,54.878836154937744
2342.0,1338.0,2134.758,1375.661,186.241943359375,-21.6610107421875,54.92042803764343
2342.0,1338.0,2135.453,1375.5138,185.547119140625,-21.5137939453125,54.96301817893982
2342.0,1338.0,2136.207,1375.3541,184.79296875,-21.3541259765625,55.00986409187317
2342.0,1338.0,2137.0215,1375.1818,183.978515625,-21.1817626953125,55.06826090812683
2342.0,1338.0,2138.0134,1374.9719,182.986572265625,-20.971923828125,55.11773490905762
2342.0,1338.0,2138.8076,1374.8041,182.1923828125,-20.8040771484375,55.15687298774719
2342.0,1338.0,2139.4863,1374.6608,181.513671875,-20.6607666015625,55.194528102874756
2342.0,1338.0,2140.166,1374.5173,180.833984375,-20.517333984375,55.24007511138916
2342.0,1338.0,2140.9783,1374.346,180.021728515625,-20.345947265625,55.298259019851685
2342.0,1338.0,2141.9697,1374.137,179.0302734375,-20.136962890625,55.34780192375183
2342.0,1338.0,2142.8516,1373.9512,178.1484375,-19.951171875,55.38974189758301
2342.0,1338.0,2143.646,1373.7839,177.35400390625,-19.783935546875,55.43121004104614
2342.0,1338.0,2144.3389,1373.6382,176.6611328125,-19.63818359375,55.48181414604187
2342.0,1338.0,2145.267,1373.443,175.73291015625,-19.4429931640625,55.53745698928833
2342.0,1338.0,2146.289,1373.2283,174.7109375,-19.228271484375,55.58283615112305
2342.0,1338.0,2147.105,1373.0569,173.89501953125,-19.056884765625,55.62068700790405
2342.0,1338.0,2147.8027,1372.9104,173.197265625,-18.910400390625,55.66304016113281
2342.0,1338.0,2148.5918,1372.7449,172.408203125,-18.744873046875,55.70783495903015
2342.0,1338.0,2149.4397,1372.5671,171.560302734375,-18.567138671875,55.762393951416016
2342.0,1338.0,2150.5085,1372.3431,170.491455078125,-18.3431396484375,55.832945108413696
2342.0,1338.0,2151.7986,1372.073,169.201416015625,-18.072998046875,55.88395881652832
2342.0,1338.0,2152.8225,1371.8588,168.177490234375,-17.8587646484375,55.92811703681946
2342.0,1338.0,2153.641,1371.6876,167.35888671875,-17.6876220703125,55.99012899398804
2342.0,1338.0,2154.889,1371.4269,166.111083984375,-17.4268798828125,56.04266405105591
2342.0,1338.0,2155.8464,1371.2269,165.153564453125,-17.2269287109375,56.083744049072266
2342.0,1338.0,2156.6519,1371.0588,164.34814453125,-17.058837890625,56.123974084854126
2342.0,1338.0,2157.467,1370.8888,163.532958984375,-16.8887939453125,56.172119140625
2342.0,1338.0,2158.4326,1370.6875,162.5673828125,-16.6875,56.23178195953369
2342.0,1338.0,2159.6182,1370.4404,161.3818359375,-16.4404296875,56.279918909072876
2342.0,1338.0,2160.5657,1370.2432,160.434326171875,-16.2431640625,56.319514989852905
2342.0,1338.0,2161.3735,1370.075,159.62646484375,-16.074951171875,56.35752725601196
2342.0,1338.0,2162.1428,1369.9149,158.857177734375,-15.9149169921875,56.40139603614807
2343.0,1338.0,2163.0881,1369.7183,157.911865234375,-15.71826171875,56.45710611343384
2343.0,1338.0,2164.2444,1369.4779,156.755615234375,-15.4779052734375,56.50708317756653
2343.0,1338.0,2165.2327,1369.2726,155.767333984375,-15.2725830078125,56.545660972595215
2343.0,1338.0,2166.0571,1369.1014,154.94287109375,-15.1014404296875,56.58782196044922
2343.0,1337.0,2166.912,1368.924,154.087890625,-14.9239501953125,56.63508892059326
2343.0,1337.0,2167.96,1368.7065,153.0400390625,-14.70654296875,56.695565938949585
2343.0,1337.0,2169.2258,1368.4441,151.774169921875,-14.444091796875,56.74352812767029
2343.0,1337.0,2170.2817,1368.2253,150.71826171875,-14.225341796875,56.784716844558716
2343.0,1337.0,2171.1038,1368.055,149.896240234375,-14.0550537109375,56.824601888656616
2343.0,1337.0,2171.969,1367.876,149.031005859375,-13.8759765625,56.87210822105408
2343.0,1337.0,2173.067,1367.6488,147.93310546875,-13.6488037109375,56.93056607246399
2343.0,1337.0,2174.4167,1367.3696,146.583251953125,-13.36962890625,56.982365131378174
2343.0,1337.0,2175.4434,1367.1575,145.556640625,-13.157470703125,57.02192997932434
2343.0,1337.0,2176.2852,1366.9835,144.71484375,-12.9835205078125,57.060678005218506
2343.0,1337.0,2177.148,1366.8053,143.85205078125,-12.8052978515625,57.10535907745361
2343.0,1337.0,2178.2266,1366.5826,142.7734375,-12.5826416015625,57.16780400276184
2343.0,1337.0,2179.6572,1366.2875,141.3427734375,-12.2874755859375,57.21750783920288
2343.0,1337.0,2180.6768,1366.0771,140.3232421875,-12.0771484375,57.26092505455017
2343.0,1337.0,2181.6628,1365.8739,139.337158203125,-11.8739013671875,57.30194687843323
2343.0,1337.0,2182.6033,1365.68,138.396728515625,-11.6800537109375,57.34826302528381
2343.0,1337.0,2183.7766,1365.4384,137.223388671875,-11.4383544921875,57.405296087265015
2343.0,1337.0,2185.043,1365.1776,135.95703125,-11.1776123046875,57.45444416999817
2343.0,1337.0,2186.1238,1364.9552,134.876220703125,-10.9552001953125,57.49404001235962
2343.0,1337.0,2187.0498,1364.7646,133.9501953125,-10.7646484375,57.53263020515442
2343.0,1337.0,2187.9924,1364.5708,133.007568359375,-10.57080078125,57.578973054885864
2343.0,1337.0,2189.0723,1364.3489,131.927734375,-10.348876953125,57.6372230052948
2343.0,1337.0,2190.5188,1364.0516,130.481201171875,-10.0516357421875,57.689838886260986
2343.0,1337.0,2191.7026,1363.8085,129.29736328125,-9.8084716796875,57.732553005218506
2343.0,1337.0,2192.731,1363.5974,128.26904296875,-9.597412109375,57.77053904533386
2343.0,1337.0,2193.643,1363.4103,127.35693359375,-9.4102783203125,57.81807494163513
2343.0,1337.0,2194.8455,1363.1636,126.154541015625,-9.16357421875,57.875699043273926
2343.0,1337.0,2196.248,1362.876,124.751953125,-8.8759765625,57.922956228256226
2344.0,1337.0,2197.364,1362.6472,123.635986328125,-8.647216796875,57.96096181869507
2344.0,1337.0,2198.3242,1362.4504,122.67578125,-8.450439453125,58.00155997276306
2344.0,1337.0,2199.303,1362.25,121.697021484375,-8.25,58.04958915710449
2344.0,1337.0,2200.5261,1361.9995,120.473876953125,-7.99951171875,58.11123204231262
2343.0,1337.0,2202.5054,1361.5945,118.49462890625,-7.594482421875,58.17706823348999
2344.0,1337.0,2203.71,1361.3481,117.2900390625,-7.34814453125,58.2197699546814
2344.0,1337.0,2204.8582,1361.1134,116.141845703125,-7.1134033203125,58.26200008392334
2344.0,1337.0,2205.8796,1360.9045,115.120361328125,-6.904541015625,58.3168830871582
2344.0,1337.0,2207.2979,1360.6147,113.7021484375,-6.61474609375,58.37211608886719
2344.0,1337.0,2208.702,1360.328,112.298095703125,-6.3280029296875,58.4133620262146
2344.0,1337.0,2209.7812,1360.1077,111.21875,-6.107666015625,58.4522819519043
2344.0,1337.0,2210.856,1359.8883,110.14404296875,-5.8883056640625,58.502464056015015
2344.0,1337.0,2212.188,1359.6165,108.81201171875,-5.616455078125,58.56385588645935
2344.0,1337.0,2213.7253,1359.3029,107.274658203125,-5.3028564453125,58.61105704307556
2344.0,1337.0,2214.9663,1359.0498,106.03369140625,-5.0498046875,58.65451097488403
2344.0,1336.0,2216.1216,1358.8143,104.87841796875,-4.8143310546875,58.692214012145996
2344.0,1336.0,2217.1313,1358.6086,103.86865234375,-4.608642578125,58.73685312271118
2344.0,1337.0,2218.3909,1358.352,102.609130859375,-4.35205078125,58.797120094299316
2344.0,1337.0,2220.043,1358.0156,100.95703125,-4.015625,58.847676038742065
2344.0,1336.0,2221.3306,1357.7535,99.66943359375,-3.7535400390625,58.88738799095154
2344.0,1336.0,2222.4255,1357.5308,98.574462890625,-3.53076171875,58.92776298522949
2344.0,1337.0,2223.5156,1357.3091,97.484375,-3.30908203125,58.973833084106445
2344.0,1336.0,2224.8545,1357.0369,96.1455078125,-3.036865234375,59.03267002105713
2345.0,1336.0,2226.4312,1356.7163,94.56884765625,-2.71630859375,59.081485986709595
2344.0,1337.0,2227.8281,1356.4325,93.171875,-2.4324951171875,59.12193202972412
2344.0,1337.0,2228.9102,1356.2126,92.08984375,-2.212646484375,59.166616916656494
2345.0,1336.0,2230.161,1355.9586,90.839111328125,-1.9586181640625,59.21594715118408
2344.0,1336.0,2231.5737,1355.6718,89.42626953125,-1.6717529296875,59.27616596221924
2344.0,1336.0,2233.285,1355.3245,87.715087890625,-1.324462890625,59.321253061294556
2344.0,1336.0,2234.579,1355.0619,86.4208984375,-1.0618896484375,59.3604040145874
2344.0,1336.0,2235.663,1354.842,85.3369140625,-0.842041015625,59.40031290054321
2344.0,1336.0,2236.8115,1354.6091,84.1884765625,-0.609130859375,59.44655203819275
2344.0,1336.0,2238.2134,1354.325,82.78662109375,-0.324951171875,59.50511598587036
2345.0,1336.0,2239.9724,1353.9685,81.027587890625,0.031494140625,59.554391860961914
2345.0,1336.0,2241.2886,1353.7019,79.71142578125,0.298095703125,59.597440004348755
2345.0,1336.0,2242.557,1353.4451,78.443115234375,0.554931640625,59.63844013214111
2345.0,1336.0,2243.7568,1353.2021,77.2431640625,0.7978515625,59.68341422080994
2345.0,1336.0,2245.2642,1352.8971,75.73583984375,1.1029052734375,59.74251699447632
2344.0,1336.0,2246.9753,1352.5509,74.024658203125,1.4490966796875,59.79342198371887
2344.0,1336.0,2248.3625,1352.2704,72.637451171875,1.7296142578125,59.83499598503113
2344.0,1336.0,2249.6362,1352.0128,71.36376953125,1.9871826171875,59.87728404998779
2344.0,1336.0,2250.9326,1351.7507,70.0673828125,2.249267578125,59.927512884140015
2344.0,1336.0,2252.549,1351.4241,68.450927734375,2.575927734375,59.98512291908264
2345.0,1336.0,2254.256,1351.0791,66.743896484375,2.9208984375,60.03319692611694
2345.0,1336.0,2255.6436,1350.7988,65.3564453125,3.201171875,60.073452949523926
2345.0,1336.0,2256.8914,1350.5469,64.108642578125,3.453125,60.11712121963501
2345.0,1336.0,2258.2378,1350.275,62.76220703125,3.7249755859375,60.16156816482544
2345.0,1336.0,2259.6309,1349.9939,61.369140625,4.006103515625,60.21930003166199
2345.0,1336.0,2261.46,1349.6249,59.5400390625,4.3751220703125,60.26938819885254
2345.0,1336.0,2262.9697,1349.3203,58.0302734375,4.6796875,60.311158895492554
2345.0,1336.0,2264.3582,1349.0403,56.641845703125,4.959716796875,60.351606130599976
2345.0,1336.0,2265.56,1348.798,55.43994140625,5.2020263671875,60.39820194244385
2345.0,1336.0,2267.0664,1348.4944,53.93359375,5.505615234375,60.454721212387085
2345.0,1335.0,2268.8618,1348.1326,52.13818359375,5.867431640625,60.50308108329773
2345.0,1336.0,2270.4016,1347.8224,50.598388671875,6.1776123046875,60.54213500022888
2345.0,1336.0,2271.7236,1347.5562,49.2763671875,6.44384765625,60.58592486381531
2345.0,1335.0,2273.0615,1347.2867,47.9384765625,6.7132568359375,60.63039016723633
2345.0,1335.0,2274.5173,1346.9937,46.482666015625,7.00634765625,60.689356088638306
2345.0,1336.0,2276.5088,1346.5929,44.4912109375,7.4071044921875,60.74037790298462
2345.0,1336.0,2278.1895,1346.2548,42.810546875,7.7452392578125,60.78126907348633
2345.0,1336.0,2279.4763,1345.9958,41.523681640625,8.004150390625,60.8265700340271
2345.0,1336.0,2280.9326,1345.703,40.0673828125,8.2969970703125,60.87570118904114
2345.0,1336.0,2282.6426,1345.3591,38.357421875,8.640869140625,60.936225175857544
2345.0,1336.0,2284.5977,1344.9662,36.40234375,9.0338134765625,60.98420214653015
2345.0,1336.0,2286.2993,1344.6243,34.70068359375,9.375732421875,61.02639818191528
2345.0,1336.0,2287.6118,1344.3606,33.38818359375,9.639404296875,61.0674409866333
2345.0,1336.0,2288.988,1344.0841,32.011962890625,9.9158935546875,61.119065046310425
2345.0,1336.0,2290.9644,1343.6873,30.03564453125,10.312744140625,61.18870520591736
2345.0,1335.0,2293.1292,1343.2527,27.870849609375,10.747314453125,61.23475003242493
2345.0,1335.0,2294.7214,1342.9331,26.278564453125,11.06689453125,61.273956060409546
2345.0,1335.0,2296.041,1342.6683,24.958984375,11.3316650390625,61.314801931381226
2346.0,1335.0,2297.4456,1342.3866,23.554443359375,11.6134033203125,61.36766195297241
2346.0,1335.0,2299.3623,1342.0022,21.6376953125,11.997802734375,61.43068504333496
2346.0,1336.0,2301.4756,1341.5785,19.5244140625,12.4215087890625,61.47632122039795
2346.0,1335.0,2303.1606,1341.2407,17.83935546875,12.75927734375,61.51713800430298
2346.0,1335.0,2304.505,1340.9713,16.4951171875,13.0286865234375,61.55711388587952
2346.0,1335.0,2305.9204,1340.6876,15.07958984375,13.3123779296875,61.6055371761322
2346.0,1335.0,2307.8987,1340.2914,13.101318359375,13.7086181640625,61.67630100250244
2346.0,1334.0,2310.2178,1339.8269,10.7822265625,14.173095703125,61.735641956329346
2346.0,1334.0,2312.353,1339.3994,8.64697265625,14.6005859375,61.79278492927551
2346.0,1334.0,2314.5,1338.9697,6.5,15.0302734375,61.86619305610657
2346.0,1334.0,2317.049,1338.4597,3.950927734375,15.540283203125,61.92931795120239
2346.0,1335.0,2319.292,1338.0111,1.7080078125,15.9888916015625,61.978193044662476
2346.0,1335.0,2321.0957,1337.6504,-0.095703125,16.349609375,62.03955793380737
2346.0,1335.0,3410.945,1233.4646,-25.0,19.0,62.1163330078125
2346.0,1335.0,3433.4604,1231.0585,-1112.46044921875,122.9415283203125,62.225908041000366
2346.0,1335.0,3470.109,1227.1418,-1149.10888671875,126.858154296875,62.26516795158386
2346.0,1335.0,3483.8572,1225.6726,-1162.857177734375,128.327392578125,62.30612897872925
2346.0,1335.0,3497.4434,1224.2206,-1176.443359375,129.7794189453125,62.35633301734924
2346.0,1335.0,3515.0662,1222.3372,-1194.066162109375,131.662841796875,62.41580104827881
2346.0,1335.0,3535.3284,1220.1716,-1214.328369140625,133.828369140625,62.483243227005005
2346.0,1335.0,3559.3132,1217.6083,-1238.313232421875,136.3917236328125,62.56329703330994
2346.0,1335.0,3587.4924,1214.5966,-1266.492431640625,139.4034423828125,62.6507830619812
2346.0,1335.0,3618.767,1211.2539,-1297.76708984375,142.74609375,62.7055561542511
2346.0,1335.0,3637.4941,1209.2523,-1316.494140625,144.7476806640625,62.74944591522217
2346.0,1335.0,3651.298,1207.777,-1330.298095703125,146.2230224609375,62.79860210418701
2346.0,1335.0,3668.9336,1205.8921,-1347.93359375,148.10791015625,62.8571560382843
2346.0,1335.0,3690.0337,1203.6368,-1369.03369140625,150.3631591796875,62.90406107902527
2346.0,1335.0,3706.6475,1201.8611,-1385.6474609375,152.138916015625,62.95005512237549
2346.0,1335.0,3723.7866,1200.0292,-1402.78662109375,153.9708251953125,62.99212098121643
2346.0,1335.0,3737.737,1198.5381,-1416.737060546875,155.4619140625,63.03924798965454
2346.0,1335.0,3755.1772,1196.674,-1434.17724609375,157.3260498046875,63.10023903846741
2346.0,1335.0,3777.0667,1194.3342,-1456.066650390625,159.665771484375,63.156469106674194
2346.0,1334.0,3797.31,1192.1704,-1476.31005859375,161.82958984375,63.20034313201904
2346.0,1335.0,3813.7927,1190.4086,-1492.792724609375,163.5914306640625,63.242900133132935
2346.0,1335.0,3828.7102,1188.814,-1507.710205078125,165.18603515625,63.29914999008179
2346.0,1334.0,3849.9434,1186.5443,-1528.943359375,167.4556884765625,63.36518096923828
2346.0,1334.0,3873.4563,1184.0309,-1552.456298828125,169.9691162109375,63.410441160202026
2347.0,1334.0,3890.2808,1182.2324,-1569.28076171875,171.767578125,63.45461320877075
2346.0,1334.0,3906.6833,1180.479,-1585.683349609375,173.52099609375,63.51471018791199
2347.0,1334.0,3931.622,1177.8131,-1610.6220703125,176.1868896484375,63.580934047698975
2347.0,1334.0,3953.8745,1175.4343,-1632.87451171875,178.565673828125,63.62309908866882
2347.0,1334.0,3970.268,1173.6819,-1649.26806640625,180.318115234375,63.66382193565369
2347.0,1334.0,3985.025,1172.1044,-1664.02490234375,181.8956298828125,63.74413704872131
2347.0,1334.0,4018.7678,1168.4971,-1697.767822265625,185.5029296875,63.83171796798706
2347.0,1334.0,4048.4973,1165.3188,-1727.497314453125,188.68115234375,63.88707900047302
2347.0,1334.0,4070.3901,1162.9784,-1749.39013671875,191.0216064453125,63.981914043426514
2347.0,1334.0,4106.0,1159.1714,-1785.0,194.82861328125,64.02877807617188
2347.0,1335.0,4124.3066,1157.2142,-1803.306640625,196.7857666015625,64.07426905632019
2347.0,1334.0,4141.9653,1155.3263,-1820.96533203125,198.6737060546875,64.14255404472351
2347.0,1334.0,4171.8135,1152.1351,-1850.8134765625,201.8648681640625,64.32847714424133
2347.0,1334.0,4241.256,1144.7107,-1920.255859375,209.289306640625,64.38494205474854
2347.0,1334.0,4266.004,1142.0647,-1945.00390625,211.935302734375,64.46616888046265
2347.0,1334.0,4295.73,1138.8865,-1974.72998046875,215.113525390625,64.52424001693726
2348.0,1334.0,4320.084,1136.2826,-1999.083984375,217.7174072265625,64.57776999473572
2347.0,1334.0,4340.477,1134.1022,-2019.47705078125,219.8978271484375,64.63661813735962
2347.0,1334.0,4365.142,1131.465,-2044.14208984375,222.5350341796875,64.69770193099976
2347.0,1334.0,4388.8105,1128.9343,-2067.810546875,225.065673828125,64.74974083900452
2348.0,1333.0,4410.6846,1126.5955,-2089.6845703125,227.404541015625,64.80841612815857
2347.0,1334.0,4433.737,1124.1306,-2112.73681640625,229.869384765625,64.85761499404907
2347.0,1334.0,4454.94,1121.8635,-2133.93994140625,232.136474609375,64.92873096466064
2348.0,1334.0,4488.506,1118.2744,-2167.505859375,235.7255859375,65.01423287391663
2348.0,1334.0,4518.8154,1115.0334,-2197.8154296875,238.966552734375,65.07281589508057
2348.0,1334.0,4542.8267,1112.466,-2221.82666015625,241.5340576171875,65.13678908348083
2348.0,1333.0,4570.6753,1109.488,-2249.67529296875,244.511962890625,65.19730997085571
2348.0,1333.0,4594.3423,1106.9573,-2273.34228515625,247.042724609375,65.25079607963562
2347.0,1334.0,4616.927,1104.5422,-2295.9267578125,249.457763671875,65.30097603797913
2348.0,1334.0,4638.794,1102.2039,-2317.7939453125,251.796142578125,65.36654901504517
2348.0,1334.0,4665.9897,1099.2957,-2344.98974609375,254.704345703125,65.42887306213379
2348.0,1334.0,4693.513,1096.3524,-2372.51318359375,257.6475830078125,65.48968410491943
2348.0,1333.0,4718.8213,1093.646,-2397.8212890625,260.35400390625,65.5588948726654
2348.0,1334.0,4749.132,1090.4047,-2428.1318359375,263.5953369140625,65.6260838508606
2348.0,1334.0,4778.7544,1087.2368,-2457.75439453125,266.76318359375,65.67593312263489
2348.0,1334.0,4798.081,1085.1699,-2477.0810546875,268.830078125,65.71915817260742
2348.0,1334.0,4818.1567,1083.023,-2497.15673828125,270.97705078125,65.76216888427734
2348.0,1334.0,4835.3096,1081.1886,-2514.3095703125,272.8114013671875,65.84152698516846
2348.0,1334.0,4871.748,1077.2916,-2550.748046875,276.7083740234375,65.90067386627197
2348.0,1334.0,4898.21,1074.4617,-2577.2099609375,279.538330078125,65.94980001449585
2348.0,1334.0,4920.6904,1072.0574,-2599.6904296875,281.942626953125,66.04833912849426
2348.0,1334.0,4961.8086,1067.6598,-2640.80859375,286.3402099609375,66.12083220481873
2348.0,1333.0,4996.453,1063.9546,-2675.453125,290.04541015625,66.18910694122314
2348.0,1333.0,5023.304,1061.0828,-2702.30419921875,292.917236328125,66.23266792297363
2348.0,1333.0,5042.683,1059.0101,-2721.68310546875,294.9898681640625,66.28086400032043
2348.0,1333.0,5064.339,1056.694,-2743.3388671875,297.3060302734375,66.34064602851868
2348.0,1333.0,5094.281,1053.4916,-2773.28076171875,300.5084228515625,66.40730309486389
2348.0,1333.0,5122.9746,1050.4226,-2801.974609375,303.577392578125,66.46984887123108
2348.0,1333.0,5150.4805,1047.4807,-2829.48046875,306.519287109375,66.53155398368835
2348.0,1333.0,5178.854,1044.4459,-2857.85400390625,309.5540771484375,66.59716200828552
2348.0,1333.0,5208.4966,1041.2754,-2887.49658203125,312.724609375,66.64764499664307
2348.0,1333.0,5231.003,1038.8682,-2910.0029296875,315.1318359375,66.686518907547
2348.0,1333.0,5248.9443,1036.9491,-2927.9443359375,317.0509033203125,66.72868013381958
2348.0,1333.0,5268.241,1034.885,-2947.2412109375,319.114990234375,66.78252816200256
2348.0,1333.0,5293.516,1032.1815,-2972.51611328125,321.8184814453125,66.83978509902954
2348.0,1333.0,5319.8745,1029.3622,-2998.87451171875,324.6378173828125,66.8838460445404
2348.0,1333.0,5341.626,1027.0355,-3020.6259765625,326.9644775390625,66.92585110664368
2348.0,1333.0,5359.862,1025.085,-3038.86181640625,328.9150390625,66.96728205680847
2348.0,1333.0,5379.3228,1023.0033,-3058.32275390625,330.9967041015625,67.02599620819092
2348.0,1333.0,5408.2607,1019.9079,-3087.2607421875,334.09210205078125,67.09228706359863
2349.0,1333.0,5439.309,1016.58673,-3118.30908203125,337.41326904296875,67.1556921005249
2349.0,1333.0,5468.1553,1013.5011,-3147.1552734375,340.4989013671875,67.20027709007263
2349.0,1333.0,5489.3257,1011.2365,-3168.32568359375,342.76348876953125,67.24033403396606
2349.0,1333.0,5509.5073,1009.0777,-3188.50732421875,344.92230224609375,67.30089616775513
2349.0,1333.0,5537.9185,1006.0385,-3216.91845703125,347.96148681640625,67.37574887275696
2349.0,1332.0,5579.0967,1001.6336,-3258.0966796875,352.36639404296875,67.44899797439575
2349.0,1332.0,5609.4414,998.3875,-3288.44140625,355.61248779296875,67.51589798927307
2349.0,1333.0,5641.591,994.9483,-3320.5908203125,359.05169677734375,67.58291101455688
2349.0,1333.0,5675.508,991.32,-3354.5078125,362.67999267578125,67.63155102729797
2349.0,1333.0,5697.255,988.9936,-3376.2548828125,365.00640869140625,67.67399311065674
2349.0,1333.0,5720.536,986.503,-3399.5361328125,367.49700927734375,67.73293900489807
2349.0,1332.0,5747.5737,983.6106,-3426.57373046875,370.389404296875,67.78990006446838
2349.0,1333.0,5774.97,980.67975,-3453.97021484375,373.32025146484375,67.83981513977051
2349.0,1333.0,5801.7188,977.8182,-3480.71875,376.18182373046875,67.90597319602966
2349.0,1333.0,5834.4697,974.31445,-3513.4697265625,379.685546875,67.97123503684998
2349.0,1333.0,5865.1074,971.0368,-3544.107421875,382.96319580078125,68.03463625907898
2349.0,1333.0,5897.536,967.56744,-3576.5361328125,386.43255615234375,68.10111093521118
2349.0,1333.0,5929.968,964.0977,-3608.9677734375,389.90228271484375,68.18967008590698
2349.0,1333.0,5976.24,959.1472,-3655.240234375,394.852783203125,68.25662016868591
2349.0,1332.0,6008.4556,955.70056,-3687.45556640625,398.2994384765625,68.32772994041443
2349.0,1333.0,6045.676,951.71844,-3724.67578125,402.28155517578125,68.38981413841248
2349.0,1332.0,6076.3916,948.4322,-3755.3916015625,405.56781005859375,68.4476330280304
2349.0,1332.0,6106.7144,945.1879,-3785.71435546875,408.81207275390625,68.5039451122284
2349.0,1332.0,6135.156,942.14496,-3814.15576171875,411.85504150390625,68.55024003982544
2350.0,1333.0,6158.4346,939.6543,-3837.4345703125,414.345703125,68.58858704566956
2350.0,1333.0,6178.1284,937.5472,-3857.12841796875,416.45281982421875,68.63992094993591
2349.0,1332.0,6205.9297,934.57263,-3884.9296875,419.4273681640625,68.70550990104675
2349.0,1332.0,6238.9214,931.0427,-3917.92138671875,422.957275390625,68.74849009513855
2349.0,1332.0,6261.154,928.66394,-3940.15380859375,425.3360595703125,68.79217791557312
2350.0,1332.0,6285.3745,926.07245,-3964.37451171875,427.92755126953125,68.83307981491089
2350.0,1332.0,6305.583,923.9102,-3984.5830078125,430.08978271484375,68.88120889663696
2349.0,1332.0,6331.765,921.10876,-4010.76513671875,432.8912353515625,68.94252800941467
2350.0,1332.0,6364.0884,917.65027,-4043.08837890625,436.3497314453125,69.0026330947876
2349.0,1332.0,6395.1553,914.3261,-4074.1552734375,439.67388916015625,69.05820989608765
2349.0,1332.0,6427.239,910.8932,-4106.23876953125,443.1068115234375,69.12124609947205
2350.0,1332.0,6458.7163,907.5251,-4137.71630859375,446.47491455078125,69.18404483795166
2350.0,1332.0,6491.4434,904.02325,-4170.443359375,449.97674560546875,69.23995614051819
2350.0,1332.0,6521.293,900.8293,-4200.29296875,453.17071533203125,69.29195809364319
2350.0,1332.0,6549.718,897.7878,-4228.7177734375,456.21221923828125,69.33200812339783
2350.0,1332.0,6572.2617,895.3755,-4251.26171875,458.62451171875,69.39078688621521
2350.0,1332.0,6606.132,891.7512,-4285.1318359375,462.248779296875,69.46378898620605
2350.0,1332.0,6643.9854,887.7007,-4322.9853515625,466.29931640625,69.5286009311676
2350.0,1332.0,6679.836,883.86444,-4358.8359375,470.13555908203125,69.59851503372192
2350.0,1332.0,6718.776,879.6975,-4397.77587890625,474.302490234375,69.6653311252594
2350.0,1332.0,6752.494,876.08936,-4431.494140625,477.91064453125,69.70944809913635
2350.0,1332.0,6777.7695,873.38464,-4456.76953125,480.6153564453125,69.74972820281982
2350.0,1332.0,6799.1606,871.0956,-4478.16064453125,482.9044189453125,69.80370116233826
2350.0,1332.0,6829.794,867.8175,-4508.7939453125,486.1824951171875,69.86876606941223
2350.0,1332.0,6866.3784,863.9025,-4545.37841796875,490.09747314453125,69.9366340637207
2350.0,1332.0,6903.609,859.9184,-4582.60888671875,494.08160400390625,69.98293423652649
2350.0,1332.0,6929.083,857.1923,-4608.0830078125,496.80767822265625,70.03380584716797
2350.0,1332.0,6959.267,853.96216,-4638.26708984375,500.037841796875,70.10366082191467
2350.0,1332.0,7000.3696,849.56354,-4679.36962890625,504.43646240234375,70.1663031578064
2350.0,1332.0,7032.7627,846.0969,-4711.7626953125,507.903076171875,70.22409415245056
2350.0,1332.0,7065.832,842.558,-4744.83203125,511.4420166015625,70.29068493843079
2350.0,1331.0,7105.448,838.3183,-4784.4482421875,515.6817016601562,70.36823415756226
2350.0,1331.0,7147.624,833.8047,-4826.6240234375,520.1953125,70.42424893379211
2350.0,1332.0,7179.1353,830.4324,-4858.13525390625,523.567626953125,70.48110699653625
2350.0,1331.0,7211.628,826.95496,-4890.6279296875,527.0450439453125,70.54351115226746
2351.0,1331.0,7252.317,822.60034,-4931.31689453125,531.399658203125,70.6304259300232
2350.0,1331.0,7298.2964,817.6795,-4977.29638671875,536.3204956054688,70.67430114746094
2350.0,1331.0,7324.472,814.87805,-5003.47216796875,539.1219482421875,70.71746587753296
2350.0,1331.0,7348.7246,812.2825,-5027.724609375,541.717529296875,70.76686596870422
2350.0,1332.0,7384.571,808.44604,-5063.57080078125,545.553955078125,70.8600971698761
