X,Y,Time
1922.0,1405.0,0.06419730186462402
1922.0,1403.6434,0.10262513160705566
1922.0,1403.3586,0.14714908599853516
1922.0,1403.2278,0.19696736335754395
1922.0,1403.1488,0.24788713455200195
1922.306,1403.0964,0.2913813591003418
1921.9211,1403.3597,0.3359720706939697
1921.6451,1403.5485,0.3786802291870117
1923.5193,1403.389,0.42287325859069824
1924.2888,1404.1608,0.45946812629699707
1924.8374,1404.7168,0.4974660873413086
1925.2358,1404.5336,0.5343592166900635
1925.522,1404.3992,0.5733323097229004
1925.4396,1405.1813,0.609868049621582
1925.3728,1405.7471,0.6471731662750244
1925.6166,1405.2812,0.6843922138214111
1925.792,1404.9404,0.7219192981719971
1925.333,1404.1056,0.7600131034851074
1924.9973,1403.4956,0.7976350784301758
1923.8695,1404.224,0.8349423408508301
1923.0465,1404.755,0.8722491264343262
1922.4463,1404.5546,0.9091393947601318
1922.0092,1404.4078,0.94649338722229
1922.2778,1404.0071,0.9836442470550537
1922.4744,1403.7145,1.0206282138824463
1922.031,1403.7949,1.0570971965789795
1921.7086,1403.8536,1.093393325805664
1922.0615,1403.3097,1.131033182144165
1922.3191,1402.9126,1.1680042743682861
1922.2135,1402.9175,1.2076332569122314
1922.1362,1402.921,1.2484111785888672
1921.7834,1403.2195,1.2854893207550049
1921.5294,1403.4388,1.3236243724822998
1922.5267,1403.894,1.3603053092956543
1923.2528,1404.225,1.4003632068634033
1924.0798,1404.4674,1.4371623992919922
1924.6783,1404.6418,1.475757122039795
1924.524,1405.0651,1.5125341415405273
1924.4084,1405.3707,1.5525083541870117
1924.918,1405.5958,1.5897583961486816
1925.2854,1405.7563,1.629197120666504
1925.5525,1406.1688,1.6684701442718506
1925.7462,1406.4688,1.706472396850586
1925.8821,1406.3864,1.7517592906951904
1925.9944,1406.336,1.7906982898712158
1926.0574,1406.2844,1.8297653198242188
1926.4014,1406.2476,1.8660931587219238
1926.644,1406.2164,1.9081931114196777
1925.3414,1405.3055,1.94681715965271
1924.3865,1404.6388,1.9852674007415771
1923.3942,1404.1536,2.022381067276001
1922.6748,1403.8022,2.0604610443115234
1922.7429,1403.5465,2.096787214279175
1922.7944,1403.3625,2.134793281555176
1922.5364,1403.228,2.171154260635376
1922.3508,1403.1326,2.209012269973755
1922.5101,1402.1776,2.2476491928100586
1922.6271,1401.4816,2.2865662574768066
1922.4175,1401.8623,2.322650194168091
1922.268,1402.1453,2.3613202571868896
1923.3398,1403.2363,2.3978490829467773
1924.1208,1404.033,2.43699312210083
1924.987,1404.3186,2.47339129447937
1925.6144,1404.526,2.512493133544922
1926.0741,1404.6779,2.549281120300293
1926.4039,1404.7872,2.589045286178589
1926.9432,1404.8677,2.627148151397705
1927.3324,1404.9253,2.666288137435913
1927.3158,1404.9664,2.7062273025512695
1927.3033,1404.9963,2.743887186050415
1927.2871,1405.3126,2.7847402095794678
1927.2805,1405.5459,2.822176456451416
1927.2632,1405.4135,2.863584280014038
1925.472,1405.0219,2.9003641605377197
1924.1653,1404.7344,2.939082384109497
1923.2146,1404.5254,2.975741386413574
1922.5264,1404.3732,3.0142440795898438
1921.7277,1404.8544,3.0511322021484375
1921.1527,1405.2034,3.088602304458618
1921.3252,1405.1621,3.1250040531158447
1921.4553,1405.131,3.162440299987793
1921.2551,1404.8132,3.1990082263946533
1921.1135,1404.5813,3.2368781566619873
1921.01,1404.1172,3.2744202613830566
1920.9377,1403.7789,3.312211275100708
1921.182,1403.2373,3.349179267883301
1921.3634,1402.8441,3.386026382446289
1922.9724,1403.1492,3.4229931831359863
1924.1451,1403.3721,3.459677219390869
1925.2937,1403.5354,3.4958384037017822
1926.1287,1403.6552,3.5328621864318848
1926.1471,1404.3319,3.5694262981414795
1926.1581,1404.8252,3.606086254119873
1926.1653,1405.1847,3.643745183944702
1926.169,1405.4464,3.680889129638672
1926.1693,1404.7511,3.7178239822387695
1926.1683,1404.2438,3.7569122314453125
1926.1676,1405.056,3.795084238052368
1926.1648,1405.6484,3.8381943702697754
1924.6761,1405.4899,3.876810312271118
1923.5876,1405.3699,3.9167492389678955
1922.7943,1405.2823,3.953761100769043
1922.2224,1405.2166,3.9933114051818848
1922.1013,1404.5746,4.031676292419434
1922.016,1404.1064,4.0708301067352295
1921.6599,1404.0634,4.109619379043579
1921.4014,1404.0321,4.150359153747559
1921.2128,1403.4141,4.190561056137085
1921.0775,1402.9635,4.227530241012573
1921.2865,1402.3453,4.269758224487305
1921.432,1402.484,4.30588436126709
1921.5482,1402.5936,4.3451011180877686
1922.521,1403.265,4.382322311401367
1923.2307,1403.7556,4.421878099441528
1924.341,1404.1129,4.45836329460144
1925.1461,1404.373,4.49537205696106
1924.8451,1403.0852,4.532402276992798
1924.6249,1402.1488,4.571462154388428
1924.7603,1403.8298,4.6081671714782715
1924.8562,1405.0549,4.645836114883423
1925.2216,1405.357,4.683261156082153
1925.4857,1405.5754,4.719971179962158
1925.6764,1405.733,4.757964134216309
1925.8154,1405.848,4.7973151206970215
1923.8455,1405.6364,4.833838224411011
1922.411,1405.4784,4.871700286865234
1922.2522,1405.068,4.907952308654785
1922.1396,1404.7681,4.945877313613892
1922.3524,1403.9591,4.982583045959473
1922.5098,1403.3704,5.020991325378418
1922.3289,1403.236,5.057325124740601
1922.2,1403.1405,5.095458030700684
1922.1052,1403.0703,5.13613224029541
1922.0352,1403.0183,5.180160045623779
1921.6812,1403.2771,5.227013111114502
1921.4215,1403.469,5.2689783573150635
1922.1459,1402.1085,5.307732343673706
1921.7739,1402.9237,5.34487509727478
1921.5077,1403.5153,5.381925106048584
1922.503,1404.2407,5.418613433837891
1923.2256,1404.7665,5.457232236862183
1924.0475,1405.1495,5.494015216827393
1924.6439,1405.4263,5.53173828125
1925.373,1405.3322,5.568936347961426
1925.9023,1405.2625,5.605771064758301
1925.9894,1405.2102,5.642084121704102
1926.0505,1405.1714,5.6796042919158936
1926.39,1404.8484,5.717033386230469
1926.6351,1404.6122,5.756299018859863
1926.8156,1404.4396,5.7944512367248535
1926.9412,1404.3134,5.831201076507568
1927.0286,1404.5167,5.867843151092529
1927.0894,1404.6644,5.914429187774658
1925.3564,1404.1768,6.019627094268799
1924.3153,1403.7798,6.079670190811157
1923.5398,1403.8271,6.124421119689941
1923.3287,1403.8667,6.162782192230225
1923.1864,1403.8958,6.202320098876953
1922.7837,1403.9167,6.239264249801636
1922.4999,1403.9323,6.278820276260376
1922.2905,1403.9426,6.317713260650635
1922.1476,1403.9513,6.3563971519470215
1923.5208,1403.9574,6.392821311950684
1924.5181,1403.9626,6.431700229644775
1925.5375,1404.2603,6.4683310985565186
1926.2775,1404.4768,6.5071892738342285
1926.8177,1404.341,6.544057130813599
1927.2076,1404.2418,6.584089279174805
1927.2004,1404.4636,6.621880054473877
1927.1917,1404.6254,6.660473108291626
1926.8887,1405.0371,6.699217319488525
1926.6676,1405.3378,6.737997055053711
1926.7987,1405.5555,6.77907919883728
1926.6017,1405.1248,6.820176124572754
1926.4532,1404.8076,6.858909368515015
1925.1604,1405.1682,6.895514249801636
1924.222,1405.4288,6.933611154556274
1923.5392,1405.3237,6.970291376113892
1923.0452,1405.2461,7.007956266403198
1922.3901,1404.895,7.05302619934082
1921.8998,1404.6377,7.092194080352783
1922.15,1403.8557,7.128653049468994
1922.3375,1403.2898,7.166473388671875
1921.8833,1403.4695,7.202714204788208
1921.5573,1403.6016,7.240621089935303
1921.6147,1403.1084,7.278361082077026
1921.6565,1402.7482,7.319529294967651
1921.6885,1402.4856,7.357190132141113
1921.7177,1402.2983,7.3975512981414795
1922.9222,1403.0488,7.434365272521973
1923.8038,1403.5989,7.474440336227417
1924.446,1404.0001,7.512948274612427
1924.9142,1404.2926,7.55275821685791
1925.5516,1404.5059,7.592542409896851
1926.0173,1404.6616,7.63041615486145
1925.7578,1405.0695,7.6714863777160645
1925.571,1405.9628,7.708169221878052
1925.4308,1406.6067,7.747383117675781
1925.6254,1406.4841,7.785593271255493
1925.7656,1406.3921,7.8226072788238525
1924.6836,1405.7312,7.859198331832886
1923.897,1405.2495,7.896514177322388
1923.3242,1404.6038,7.933254241943359
1922.9088,1404.1334,7.970356225967407
1922.312,1404.38,8.007174253463745
1921.8793,1404.5598,8.046417236328125
1921.8566,1404.1008,8.084581136703491
1921.8431,1403.7659,8.121594190597534
1921.5422,1403.5232,8.158745288848877
1921.3246,1403.347,8.196076154708862
1921.1682,1403.2196,8.233184337615967
1921.0563,1403.1277,8.269883155822754
1921.2722,1403.0619,8.307230234146118
1921.4305,1403.0144,8.343282222747803
1923.3163,1402.3927,8.38005518913269
1924.6903,1401.9403,8.416892290115356
1924.513,1403.6741,8.454223155975342
1924.383,1404.9392,8.490365266799927
1924.5818,1405.2706,8.526818037033081
1924.726,1405.5115,8.564129114151001
1925.4205,1405.687,8.600754261016846
1925.9248,1405.813,8.638096332550049
1926.2921,1405.6095,8.674492359161377
1926.5563,1405.4594,8.711317300796509
1926.453,1405.6443,8.749484062194824
1926.3777,1405.7794,8.789061307907104
1925.7294,1404.6931,8.825372219085693
1925.2529,1403.9012,8.86476731300354
1924.016,1404.2117,8.90365219116211
1923.114,1404.439,8.941408395767212
1922.1624,1404.6045,8.978552103042603
1921.4718,1404.7247,9.016760110855103
1921.5619,1404.2201,9.054555177688599
1921.6299,1403.8524,9.094890356063843
1921.6771,1403.5826,9.140616178512573
1921.7092,1403.383,9.185272216796875
1921.7374,1403.8407,9.22697925567627
1921.4622,1403.5741,9.263892412185669
1921.2708,1403.3838,9.302327156066895
1921.1349,1403.5449,9.338523149490356
1921.0398,1403.6626,9.377036094665527
1922.4503,1404.3402,9.41357421875
1923.4774,1404.8326,9.450267314910889
1923.9288,1405.4852,9.487456321716309
1924.2573,1405.96,9.524041414260864
1925.3796,1405.7144,9.561052322387695
1926.1959,1405.5347,9.597589254379272
1926.1993,1405.4027,9.634186267852783
1926.1996,1405.3058,9.671313285827637
1926.1991,1405.235,9.708110094070435
1926.1959,1405.1824,9.745728015899658
1926.1934,1405.4388,9.784362316131592
1926.1907,1405.626,9.82182502746582
1925.5944,1405.7607,9.858003377914429
1925.1582,1405.8572,9.894964218139648
1923.9556,1405.3374,9.931401252746582
1923.0796,1404.9579,9.968461036682129
1922.4419,1404.976,10.005438327789307
1921.9781,1404.989,10.042437314987183
1921.6416,1404.9983,10.079154253005981
1921.3984,1405.0048,10.116586446762085
1921.5171,1404.4193,10.153277158737183
1921.6062,1403.9928,10.190054178237915
1921.6732,1403.9777,10.226627111434937
1921.7236,1403.9672,10.26796817779541
1921.7556,1403.3638,10.311188220977783
1921.7804,1402.9204,10.362846374511719
1923.3098,1403.1931,10.41013503074646
1924.4373,1403.3995,10.448434352874756
1925.2429,1403.5559,10.486149311065674
1925.8213,1403.9688,10.52269434928894
1926.2343,1404.2671,10.560604333877563
1926.5342,1404.7802,10.597424268722534
1926.7468,1405.1516,10.6343994140625
1926.9,1404.2394,10.671471118927002
1927.0082,1403.576,10.708409070968628
1926.79,1404.2728,10.74465036392212
1926.6273,1404.7799,10.784562349319458
1926.5125,1405.4467,10.823474168777466
1926.4246,1405.9326,10.860153198242188
1925.174,1405.3972,10.896615266799927
1924.2635,1405.0071,10.93381929397583
1923.6005,1404.428,10.970530033111572
1923.1179,1404.0061,11.007536172866821
1922.7668,1403.9937,11.043830156326294
1922.5123,1403.985,11.08104920387268
1922.6221,1403.0953,11.117533206939697
1922.7034,1402.4482,11.154290199279785
1922.469,1402.2723,11.190829038619995
1922.2993,1402.1459,11.227926015853882
1922.1764,1402.3491,11.26493525505066
1922.0879,1402.4989,11.30525517463684
1922.3171,1402.6066,11.341869115829468
1922.4888,1402.69,11.378582000732422
1923.5001,1403.0466,11.415392398834229
1924.2366,1403.3071,11.451903343200684
1924.1825,1402.9076,11.48869514465332
1924.1427,1402.6171,11.52549409866333
1924.7036,1402.9957,11.565119981765747
1925.1138,1403.2725,11.606587171554565
1925.118,1404.3671,11.644740104675293
1925.1171,1405.1647,11.685588359832764
1925.1173,1405.7485,11.72686219215393
1925.1171,1406.1758,11.770876169204712
1925.416,1406.1865,11.816824197769165
1925.0316,1405.2891,11.854756116867065
1924.7473,1404.6316,11.896456241607666
1924.242,1403.8547,11.936163187026978
1923.8738,1403.2899,11.981131076812744
1923.3042,1403.177,12.017822265625
1922.896,1403.1007,12.058408260345459
1922.5977,1402.7452,12.09525728225708
1922.3849,1402.4907,12.13555121421814
1921.9329,1402.8995,12.176454305648804
1921.6022,1403.1978,12.217098236083984
1921.6628,1402.5237,12.260241270065308
1921.4062,1402.9258,12.299475193023682
1921.228,1403.2222,12.338609218597412
1922.8856,1403.7355,12.376694202423096
1924.0901,1404.1084,12.415419340133667
1924.6693,1404.6758,12.454793214797974
1925.0908,1405.0887,12.494638204574585
1925.6959,1405.3905,12.534042119979858
1926.1316,1405.6067,12.574006080627441
1926.1528,1406.0615,12.614728212356567
1926.1674,1406.3931,12.6551353931427
1926.4712,1405.7385,12.696574211120605
1926.6958,1405.5597,12.7381911277771
1926.853,1405.4258,12.779008150100708
1926.667,1405.6259,12.819797277450562
1926.5284,1405.7698,12.864049196243286
1924.9318,1404.9783,12.909563302993774
1923.76,1404.397,12.95854115486145
1922.8984,1404.2727,13.001381158828735
1921.3728,1402.0687,13.039441347122192
1920.2849,1400.4891,13.077397346496582
1920.694,1401.437,13.115450143814087
1920.9937,1402.126,13.15215516090393
1921.215,1402.3324,13.189768314361572
1921.3759,1402.4824,13.227625370025635
1921.4951,1402.5931,13.264606237411499
1921.5848,1402.6755,13.303068161010742
1921.6498,1402.4407,13.340677261352539
1921.7003,1402.2717,13.380879163742065
1923.213,1403.0332,13.420153141021729
1924.3192,1403.5913,13.46087908744812
1925.4244,1403.7029,13.499823093414307
1926.2306,1403.7847,13.54116415977478
1926.5183,1404.1416,13.581847190856934
1926.7274,1404.4021,13.620447397232056
1926.8732,1404.5906,13.663665294647217
1926.6871,1404.7296,13.702798128128052
1926.5426,1404.8284,13.743212223052979
1927.0322,1404.6025,13.781598329544067
1927.3843,1404.4373,13.827973127365112
1926.754,1405.2167,13.867676258087158
1926.2815,1405.7776,13.910293340682983
1925.0424,1405.291,13.953012228012085
1924.1362,1404.9349,13.991351127624512
1923.1852,1404.6732,14.034877300262451
1923.121,1404.6901,14.07262110710144
1923.0654,1404.7046,14.111271142959595
1923.0084,1404.7196,14.149095296859741
1922.9519,1404.7345,14.188401222229004
1922.8944,1404.7496,14.225600004196167
1922.84,1404.7639,14.26367735862732
1922.7839,1404.7787,14.302411079406738
1922.7267,1404.7937,14.343302249908447
1922.6663,1404.8096,14.381880044937134
1922.6088,1404.8247,14.423307180404663
1922.548,1404.8407,14.46506118774414
1922.4861,1404.8569,14.50549030303955
2407.7437,787.15845,14.544981241226196
2499.269,670.6323,14.583352088928223
2514.8748,650.71423,14.625328302383423
2223.3713,1124.9385,14.662516355514526
2078.9023,1360.3472,14.700655221939087
2080.8962,1362.3187,14.737088203430176
2082.8164,1364.2175,14.77574610710144
2084.8467,1366.2252,14.813050270080566
2086.8435,1368.1997,14.850470304489136
2088.7598,1370.0946,14.887201070785522
2090.6729,1371.9865,14.923805236816406
2092.5955,1373.8877,14.960004091262817
2094.4875,1375.7588,14.997059106826782
2096.4426,1377.6921,15.03325629234314
2098.3218,1379.5503,15.071254014968872
2100.3276,1381.5337,15.107852220535278
2102.2373,1383.4221,15.145730018615723
2104.2324,1385.395,15.182265281677246
2106.131,1387.2725,15.219789028167725
2108.1055,1389.2247,15.25649619102478
2110.0176,1391.1156,15.294439315795898
2112.009,1393.0848,15.332580089569092
2114.013,1395.0664,15.372121095657349
2116.082,1397.1123,15.409504413604736
2118.034,1399.0424,15.446787118911743
2119.9922,1400.9788,15.483538150787354
2121.9165,1402.8817,15.521366119384766
2123.9204,1404.8633,15.559746026992798
2125.9092,1406.83,15.598848104476929
574.50555,2631.8105,15.63607120513916
438.6615,2740.4775,15.674045324325562
1818.7252,2709.3093,15.712383270263672
2578.4539,2695.5647,15.750950336456299
2794.3462,1863.152,15.789629220962524
2942.037,1295.6584,15.830730438232422
2453.1438,1698.2438,15.868465185165405
2101.1316,1987.3687,15.906694173812866
1717.3844,2240.854,15.94489598274231
1438.7626,2424.827,15.98389720916748
1417.9711,2448.2744,16.023759126663208
1395.863,2473.2068,16.06056809425354
1376.4258,2495.1272,16.10154128074646
1354.0859,2520.321,16.138841152191162
1333.9023,2543.083,16.177998065948486
1312.6558,2567.044,16.214627265930176
1292.8531,2589.3765,16.252854108810425
1272.053,2612.8337,16.28911519050598
1252.2483,2635.1685,16.32840609550476
1230.9214,2659.22,16.365722179412842
1210.9976,2681.689,16.402875185012817
1190.773,2704.4973,16.439608097076416
1170.816,2727.0037,16.477142095565796
1150.4233,2750.0015,16.51459240913391
1130.33,2772.6619,16.551335334777832
1110.3973,2795.1409,16.588382244110107
1090.35,2817.7493,16.626036405563354
1208.3569,2700.9763,16.66234016418457
1216.4437,2694.0024,16.69930624961853
1200.6846,2712.2444,16.736030340194702
1185.0162,2730.3813,16.77275800704956
1169.2808,2748.596,16.81070637702942
1153.1165,2767.307,16.85498809814453
1134.2181,2789.1824,16.894241094589233
1117.4344,2808.61,16.940171003341675
1097.7682,2831.3745,16.977601051330566
1081.5032,2850.2021,17.016035079956055
1786.6898,2834.678,17.054742097854614
1947.8696,2837.3525,17.09311819076538
1957.162,2854.472,17.133089065551758
1967.2379,2873.035,17.17013716697693
1432.1005,2856.274,17.21360731124878
1423.6459,2874.9062,17.25080919265747
1416.4109,2890.8506,17.289136171340942
741.89703,2384.9573,17.326438188552856
444.09134,2165.2778,17.364481210708618
406.84756,2157.9822,17.401324033737183
370.88107,2150.9368,17.438087224960327
334.93814,2143.896,17.47424626350403
299.52917,2136.9597,17.51156520843506
262.96716,2129.7976,17.548081159591675
227.48404,2122.847,17.585337162017822
621.1112,1531.6266,17.624682426452637
732.13074,1346.6581,17.66163730621338
712.8053,1317.4562,17.698248386383057
693.708,1288.5991,17.735740184783936
674.0779,1258.9369,17.772510290145874
654.89343,1229.9481,17.809510231018066
635.55176,1200.7218,17.847591161727905
615.4452,1170.3396,17.88545823097229
595.87994,1140.7754,17.92360806465149
575.77795,1110.4001,17.960684061050415
556.56586,1081.3696,17.999256134033203
536.3078,1050.7587,18.038748264312744
1506.2152,1289.6936,18.0754554271698
1701.53,1330.0305,18.113437175750732
1792.1788,1343.9094,18.15058732032776
1846.0045,1350.5095,18.1886043548584
1882.1877,1353.5917,18.225809335708618
1906.9904,1355.8013,18.264536142349243
1924.6779,1357.294,18.30279517173767
1936.769,1358.9385,18.342377424240112
1946.8683,1360.9036,18.378977060317993
1952.9349,1363.4213,18.41866636276245
1958.1997,1364.7438,18.457578420639038
1961.6526,1366.035,18.495782136917114
1962.0442,1368.6389,18.534691095352173
1962.2329,1370.6155,18.573166131973267
1962.0668,1372.2482,18.61237120628357
1962.0391,1373.364,18.65076231956482
1961.596,1374.7018,18.692626237869263
1961.6292,1375.4496,18.728923320770264
1960.1276,1377.2208,18.767649173736572
1959.064,1378.4861,18.80528426170349
1957.7972,1379.8015,18.844255208969116
1955.6974,1379.8632,18.88103437423706
1953.4645,1380.4761,18.91797399520874
1951.6461,1380.7837,18.955078125
1950.0696,1381.2135,18.992080211639404
1948.4095,1381.9984,19.028276205062866
1946.8333,1382.8708,19.06541419029236
1945.9684,1383.5156,19.101702213287354
1944.9546,1384.2997,19.138987064361572
1943.9147,1385.171,19.17586040496826
1942.8956,1386.0201,19.213770389556885
1942.3964,1385.2053,19.25130820274353
1941.7754,1384.8224,19.288966178894043
1940.8054,1386.2039,19.32631826400757
1939.975,1387.313,19.365660190582275
1940.8735,1388.6957,19.402056217193604
1940.9875,1390.142,19.438913106918335
1941.5964,1390.6558,19.475369215011597
1941.8461,1391.1844,19.512174129486084
1941.6261,1391.9496,19.548636198043823
1941.3262,1392.6177,19.58630132675171
1941.0659,1393.4329,19.62425708770752
1940.78,1394.1034,19.661744117736816
1940.4136,1394.1252,19.698821306228638
1939.9468,1394.2981,19.73563027381897
1939.7806,1394.8145,19.772837162017822
1939.5927,1395.2434,19.809962272644043
1936.963,1395.6581,19.846688270568848
1934.9268,1396.0559,19.884461164474487
1933.7039,1395.7819,19.92071509361267
1932.6384,1395.7244,19.957395315170288
1932.069,1395.7554,19.994137287139893
1931.5842,1395.8358,20.030702114105225
1931.1486,1394.1938,20.067724227905273
1930.7711,1393.0475,20.104350328445435
1930.1112,1394.6488,20.1406831741333
1929.5424,1395.8907,20.177318334579468
1929.0703,1396.5498,20.214515209197998
1928.6965,1397.0554,20.25123929977417
1928.905,1397.2206,20.28844904899597
1929.0417,1397.354,20.32550024986267
1928.457,1397.2345,20.36363911628723
1928.0289,1397.1482,20.40238118171692
1929.4677,1398.2927,20.44276714324951
1930.5111,1399.1388,20.48642134666443
1931.2352,1399.2638,20.538801193237305
1931.6183,1399.7787,20.58417320251465
1931.65,1400.3445,20.623746156692505
1931.742,1400.9287,20.666396141052246
1931.8589,1401.3153,20.709219217300415
1931.8845,1401.6399,20.749078035354614
1931.7968,1401.9525,20.789164066314697
1931.616,1401.6647,20.827750205993652
1931.4572,1401.4763,20.868569135665894
1929.5408,1401.3486,20.908406019210815
1928.1125,1401.2805,20.94490122795105
1926.6289,1401.9457,20.985307216644287
1926.2261,1401.4718,21.02334427833557
1925.8485,1401.1968,21.061610221862793
1925.5437,1401.0222,21.09833335876465
1925.266,1400.944,21.136555194854736
1924.778,1400.8788,21.173250198364258
1924.3667,1400.8811,21.211402416229248
1924.3792,1400.277,21.251848220825195
1924.3822,1399.8407,21.288803100585938
1924.3083,1399.8894,21.325398206710815
1924.2335,1399.9446,21.364261150360107
1925.3765,1400.856,21.401071310043335
1926.1499,1401.5707,21.43757724761963
1926.9855,1402.108,21.474037408828735
1927.5759,1402.5127,21.51067328453064
1927.3999,1401.3496,21.547356367111206
1927.2615,1400.5094,21.58427906036377
1926.8398,1402.2722,21.62074112892151
1926.5155,1403.5698,21.65712308883667
1926.8501,1404.2335,21.693211317062378
1927.0743,1404.7302,21.730303287506104
1927.238,1404.7983,21.76719307899475
1927.3353,1404.8619,21.805081129074097
1927.6992,1404.6149,21.842982292175293
1927.9485,1404.4447,21.880606412887573
1926.3375,1404.3335,21.916874408721924
1925.1406,1404.2689,21.953654050827026
1924.5541,1403.3447,21.98997139930725
1924.1163,1402.6804,22.026945114135742
1924.0831,1402.2045,22.063551425933838
1924.0494,1401.867,22.10067129135132
1924.018,1401.6276,22.13734722137451
1923.9832,1401.4652,22.17430329322815
1923.6564,1401.6484,22.210456132888794
1923.4052,1401.7959,22.247859239578247
1923.5173,1401.608,22.28462529182434
1923.5862,1401.485,22.321543216705322
1923.9305,1401.9869,22.36028218269348
1924.1748,1402.3607,22.397833347320557
1924.6384,1403.8256,22.434320211410522
1924.9623,1404.902,22.471848249435425
1925.198,1405.687,22.5080623626709
1925.354,1406.2662,22.54477310180664
1925.7573,1406.1001,22.581295251846313
1926.0438,1405.982,22.617727994918823
1926.54,1405.6042,22.65452742576599
1926.8956,1405.3315,22.691387176513672
1927.1493,1405.43,22.72777819633484
1927.3224,1405.5068,22.765180349349976
1927.4482,1404.9727,22.801555395126343
1927.5256,1404.59,22.839933156967163
1926.1102,1403.7157,22.8787522315979
1925.0692,1403.08,22.91669511795044
1924.2985,1402.9237,22.953716278076172
1923.7319,1402.8164,22.989787340164185
1923.3152,1402.7445,23.026666402816772
1923.0103,1402.6946,23.06380534172058
1922.7864,1401.7749,23.100378274917603
1922.62,1401.112,23.13745427131653
1922.4972,1401.8131,23.173615217208862
1922.4048,1402.3309,23.20992612838745
1922.336,1403.0056,23.24627423286438
1922.2848,1403.4999,23.283437252044678
1921.9515,1403.5671,23.320085287094116
1921.7068,1403.6199,23.35973024368286
1922.7131,1403.9512,23.399282217025757
1923.4485,1404.1962,23.43692922592163
1924.2738,1404.3806,23.47349715232849
1924.8684,1404.5175,23.51075506210327
1925.5968,1404.6173,23.547550201416016
1926.1208,1404.6921,23.58443522453308
1926.7944,1404.4523,23.621270179748535
1927.2805,1404.2789,23.658380031585693
1927.3364,1404.4489,23.694698333740234
1927.369,1404.5747,23.73186731338501
1927.3917,1404.6669,23.768253326416016
1927.4016,1404.7355,23.805338144302368
1926.2275,1404.195,23.85297918319702
1925.3778,1403.7878,23.8927001953125
1924.1398,1402.9037,23.931536197662354
1923.2374,1402.2627,23.970426082611084
1922.2833,1402.9958,24.008881330490112
1921.5897,1403.5293,24.047545194625854
1921.384,1403.6226,24.087494134902954
1921.2328,1403.6893,24.124412298202515
1921.7223,1402.855,24.16706919670105
1921.7786,1402.8331,24.203371047973633
1921.824,1402.8289,24.2420392036438
1921.8563,1402.8241,24.278504371643066
1921.8816,1402.8257,24.316492080688477
1921.8998,1402.2346,24.35444402694702
1921.9136,1401.8062,24.393922090530396
1923.7015,1402.3821,24.437028169631958
1925.0153,1402.802,24.478779315948486
1925.6748,1403.4122,24.51963520050049
1926.1516,1403.8596,24.559787034988403
1926.4904,1404.1863,24.597171306610107
1926.7307,1404.4236,24.635966300964355
1927.1982,1404.5957,24.675962209701538
1927.5416,1404.7214,24.713940382003784
1926.8912,1405.1088,24.753859043121338
1926.4193,1405.3916,24.790388345718384
1925.7701,1406.1852,24.830177068710327
1924.4116,1406.1737,24.87123417854309
1923.4176,1406.1644,24.909189224243164
1922.6942,1405.5602,24.954588174819946
1922.1598,1405.1199,25.00074315071106
1921.7667,1404.7949,25.043440103530884
1921.487,1404.5571,25.08303928375244
1921.5903,1404.0859,25.122904062271118
1921.6649,1403.7439,25.159125328063965
1921.7257,1403.204,25.204816102981567
1921.7611,1403.0996,25.247541427612305
1921.7922,1403.0284,25.289987087249756
1921.8168,1402.9786,25.32715129852295
1921.8401,1402.9489,25.37690234184265
1923.0536,1403.8204,25.419841051101685
1923.9432,1403.5583,25.459299087524414
1924.5828,1403.3721,25.499728202819824
1924.748,1404.4313,25.536149263381958
1924.8622,1405.1968,25.574527263641357
1924.9456,1405.4559,25.611613273620605
1925.0037,1405.6427,25.649766206741333
1925.341,1405.7784,25.686941385269165
1925.5829,1405.875,25.72390604019165
1925.7578,1405.9446,25.760550260543823
1925.8822,1405.9934,25.79731822013855
1926.266,1405.7346,25.83440923690796
1926.5432,1405.545,25.874067306518555
1925.5696,1404.523,25.911099195480347
1924.8547,1403.7771,25.948002099990845
1924.333,1403.235,25.98427414894104
1923.9528,1402.8417,26.020663022994995
1923.382,1403.144,26.057051181793213
1922.9663,1403.3654,26.093584299087524
1922.3698,1403.2334,26.130465030670166
1921.9357,1403.138,26.167508363723755
1921.9141,1403.0691,26.204268217086792
1921.9,1403.02,26.242830276489258
1921.8893,1402.9838,26.280071258544922
1921.8843,1402.9595,26.317959308624268
1923.0621,1404.4187,26.356009244918823
1923.9219,1405.4829,26.394026279449463
1924.5487,1405.6674,26.43112826347351
1925.0039,1405.7997,26.468526124954224
1925.6302,1405.6,26.50522541999817
1926.0831,1405.4526,26.542458295822144
1926.1173,1405.64,26.57879328727722
1926.1388,1405.7747,26.615320205688477
1926.4478,1405.2828,26.65203619003296
1926.6714,1404.9238,26.68890905380249
1927.1266,1404.6617,26.725122213363647
1927.4554,1404.4706,26.762113094329834
1927.3989,1404.6259,26.79861831665039
1927.3555,1404.739,26.84074640274048
1926.4397,1404.2291,26.883318185806274
1925.7645,1403.8545,26.92595934867859
1924.6692,1403.5806,26.96393918991089
1923.8715,1403.3842,27.002620220184326
1922.9963,1401.4569,27.042126178741455
1922.3585,1400.0526,27.07976722717285
1921.9008,1401.122,27.119555234909058
1921.8613,1401.898,27.158690214157104
1921.8392,1402.4686,27.197322368621826
1921.8241,1402.8846,27.23539710044861
1921.5203,1403.189,27.27536630630493
1921.5941,1403.1135,27.312003135681152
1921.656,1403.0613,27.351169109344482
1923.1808,1403.6151,27.388076066970825
1924.2921,1404.0188,27.425050258636475
1925.1,1404.0168,27.461629390716553
1925.6864,1404.0154,27.499173164367676
1926.1138,1404.0142,27.536490440368652
1926.4235,1404.0132,27.574352264404297
1926.9424,1404.0125,27.610863208770752
1927.3167,1404.0117,27.647732257843018
1926.9982,1404.3059,27.684741258621216
1926.764,1404.5199,27.72126007080078
1926.5913,1404.3807,27.757676124572754
1926.4637,1404.2789,27.79440212249756
1926.37,1405.0883,27.831393003463745
1926.3,1405.6775,27.87086009979248
1924.7722,1405.5183,27.90859317779541
1923.6558,1405.3997,27.94541621208191
1922.8448,1405.0156,27.982025384902954
1922.2561,1404.7355,28.01865530014038
1922.1245,1404.2362,28.055899143218994
1922.0259,1403.8713,28.097753286361694
1921.9365,1403.8594,28.13492512702942
1921.8538,1403.8483,28.17317032814026
2830.4365,906.07806,28.209628343582153
3307.2654,644.8403,28.249932050704956
3357.354,617.3391,28.293885231018066
3412.4287,587.1004,28.342750310897827
3466.688,557.3093,28.38753318786621
3520.3953,527.8214,28.42435121536255
3564.4802,503.61658,28.461905241012573
3384.287,207.63445,28.498046398162842
3334.2732,102.85615,28.53439736366272
3368.159,68.18106,28.57054328918457
3401.7585,33.79887,28.607892274856567
3334.9998,-1.0909594,28.64435124397278
3309.0557,-22.493145,28.68141222000122
3338.7607,-57.441776,28.71766424179077
3367.752,-91.55068,28.755499124526978
3397.9766,-127.11072,28.791681051254272
3426.8022,-161.02472,28.82948613166809
3457.2893,-196.89337,28.866374254226685
3486.5334,-231.29968,28.905092239379883
3517.4768,-267.70526,28.94227933883667
3547.2427,-302.72568,28.97865319252014
1545.0408,1402.5573,29.014819145202637
1039.9226,1829.9086,29.051767110824585
2109.2253,2129.5142,29.088622093200684
2742.8162,2309.959,29.125593185424805
2752.5942,2349.5273,29.16190528869629
2762.1611,2388.241,29.19978642463684
2813.3384,2535.37,29.236677169799805
2840.569,2615.006,29.273922204971313
2852.13,2659.0208,29.31005024909973
2863.4192,2702.002,29.34766125679016
2937.7073,2678.709,29.387282371520996
2976.7087,2674.982,29.42479109764099
2991.1174,2715.564,29.460965156555176
3005.244,2755.3508,29.49824619293213
3019.5615,2795.676,29.534754037857056
3033.6738,2835.4229,29.572195053100586
3048.1252,2876.1245,29.60844111442566
3062.2205,2915.8232,29.644700288772583
3076.1494,2955.0535,29.680816173553467
3090.2397,2994.7383,29.71774411201477
3104.4072,3034.6406,29.75451922416687
3118.6924,3074.874,29.791616201400757
1520.5579,2909.1702,29.82808542251587
1178.7524,2886.0679,29.866151332855225
1137.1415,2919.803,29.903791189193726
1095.8121,2953.3096,29.941274166107178
1054.9855,2986.4087,29.978147268295288
1014.4441,3019.2766,30.01480221748352
2272.2458,1389.664,30.051162242889404
2709.8455,818.14154,30.087982177734375
2597.9192,776.3056,30.124208211898804
2528.8176,748.752,30.161354303359985
2534.0435,715.00793,30.197700262069702
2539.103,682.33704,30.23534107208252
2544.3665,648.3491,30.27216100692749
2549.501,615.1936,30.309096336364746
2554.6726,581.7986,30.345137357711792
2559.705,549.302,30.3846173286438
2373.1543,1798.2925,30.422596216201782
2314.4597,2191.5708,30.45941925048828
2311.9993,2209.1992,30.495832204818726
2309.5361,2226.846,30.532726049423218
2307.091,2244.3643,30.570783376693726
2304.4802,2263.0703,30.611666202545166
2301.8005,2282.2693,30.66485619544983
2298.1382,2308.509,30.71401023864746
2294.9563,2331.3054,30.76080822944641
2291.7898,2353.9922,30.800199270248413
2289.1956,2372.5789,30.839263439178467
2286.5908,2391.2412,30.87651300430298
2284.091,2409.1516,30.917083263397217
2281.3767,2428.5986,30.97579526901245
2277.1987,2458.533,31.02077317237854
2274.4348,2478.3357,31.063245058059692
2271.5571,2498.9534,31.10002613067627
2269.1272,2516.3633,31.139031171798706
3039.2302,463.21674,31.175514221191406
3132.8062,217.90227,31.21625804901123
3507.1775,918.03424,31.252814054489136
3718.2144,1307.6139,31.292858123779297
3534.1304,1623.7461,31.331021070480347
3409.0195,1839.4171,31.37095022201538
3433.6208,1846.7238,31.41026020050049
3459.1106,1854.2943,31.44954538345337
3482.9666,1861.3796,31.488874435424805
3507.6775,1868.7189,31.524461030960083
3529.9397,1875.3308,31.563867330551147
3554.7234,1882.6917,31.600212335586548
3577.5144,1889.4607,31.63846230506897
1619.9309,2456.0645,31.67536735534668
1051.9067,2624.1252,31.713831186294556
1330.765,2206.583,31.75060725212097
1497.4392,1955.441,31.789987087249756
1606.1411,1789.0126,31.8262882232666
1683.2675,1673.5791,31.86353039741516
1736.051,1590.6313,31.90245223045349
1774.0602,1530.8116,31.939704179763794
1802.408,1487.8457,31.9762282371521
1823.6063,1456.9298,32.01363825798035
1839.495,1434.2222,32.051106214523315
1851.3644,1417.8207,32.09254336357117
1859.3567,1405.3871,32.135698318481445
1865.4814,1396.4103,32.17773222923279
1870.6833,1390.296,32.2163200378418
1875.0906,1386.2366,32.25770425796509
1879.465,1384.0948,32.29737639427185
1882.6254,1382.5231,32.33484125137329
1885.7029,1382.1562,32.37448716163635
1887.2611,1381.395,32.412928104400635
1890.8105,1382.6257,32.45411229133606
1892.1991,1383.973,32.49100208282471
1894.3372,1385.7761,32.52901911735535
1895.799,1387.0197,32.56584024429321
1897.5165,1388.4006,32.60435128211975
1898.8234,1388.6405,32.641032218933105
1900.4081,1389.2778,32.67824411392212
1901.8158,1389.7117,32.714943408966064
1903.2609,1390.3364,32.75222444534302
1904.3595,1390.5306,32.78883242607117
1905.4243,1390.8677,32.826242208480835
1905.367,1390.5613,32.862624406814575
1905.6387,1390.5709,32.90147137641907
1905.4069,1390.4774,32.939255237579346
1905.5283,1390.6252,32.97594332695007
1906.2058,1390.9512,33.012561321258545
1906.8491,1391.3,33.04961109161377
1906.8064,1391.9072,33.08650326728821
1906.9166,1392.4547,33.12370204925537
1907.4414,1392.9641,33.160452127456665
1907.9664,1393.4406,33.19707226753235
1908.1913,1393.0045,33.234358072280884
1908.3978,1392.718,33.27171039581299
1908.0972,1393.4971,33.30955219268799
1907.9287,1394.1034,33.34583330154419
1910.1451,1395.0406,33.3830201625824
1911.753,1395.7184,33.42119812965393
1912.9829,1396.55,33.457887411117554
1914.0679,1397.2959,33.49734115600586
1914.4689,1397.77,33.53645920753479
1914.8854,1398.208,33.57977223396301
1915.3344,1398.4146,33.62345027923584
1915.7828,1398.6542,33.661925315856934
1917.178,1398.5804,33.700823068618774
1918.1403,1398.4886,33.739697217941284
1918.7064,1398.5476,33.77909827232361
1919.0992,1398.5757,33.82000422477722
1919.3844,1398.8934,33.860899209976196
1918.273,1398.6609,33.89789533615112
1917.6444,1398.6276,33.936803102493286
1917.1705,1398.5905,33.97352600097656
1916.9679,1398.6698,34.010361194610596
1916.8615,1398.1671,34.04676914215088
1916.8595,1397.8585,34.08444118499756
1916.8489,1398.8068,34.12065100669861
1916.9489,1399.5771,34.15757632255554
1916.7377,1400.1461,34.19386911392212
1916.6538,1400.611,34.23273420333862
1916.851,1400.3344,34.26939535140991
1917.109,1400.2146,34.30690145492554
1918.7903,1400.4358,34.34298229217529
1920.0925,1400.6549,34.38055443763733
1921.0322,1401.102,34.418803215026855
1921.7378,1401.4432,34.45629620552063
1922.312,1401.1473,34.49292325973511
1922.7811,1400.972,34.52999019622803
1923.1333,1401.1477,34.5675094127655
1923.4259,1401.3047,34.60481834411621
1923.6602,1401.7313,34.64209222793579
1923.8693,1402.0731,34.679344177246094
1924.0413,1402.3379,34.71628427505493
1924.1969,1402.5548,34.75265622138977
1924.6355,1402.4419,34.7894241809845
1924.9727,1402.3738,34.826568365097046
1922.8677,1402.922,34.86435627937317
1921.3536,1403.3384,34.90373921394348
1920.5348,1403.0453,34.94060921669006
1920.0144,1402.8833,34.97797918319702
1919.937,1402.7693,35.014326095581055
1919.9216,1402.7139,35.051653146743774
1919.6151,1402.6735,35.0881462097168
1919.4313,1402.6703,35.12613129615784
1919.5895,1402.0752,35.16290307044983
1919.742,1401.667,35.20171332359314
1919.8417,1401.3607,35.23875713348389
1919.9574,1401.1686,35.2772011756897
1920.045,1400.735,35.31423020362854
1920.1415,1400.444,35.352487325668335
1921.6953,1401.1224,35.38914608955383
1922.8572,1401.6414,35.42830419540405
1923.6926,1402.0095,35.46619415283203
1924.3293,1402.3016,35.50635528564453
1924.7883,1402.8064,35.54289722442627
1925.1191,1403.1716,35.59109926223755
1925.6758,1403.1525,35.63741636276245
1925.1729,1404.0365,35.67831516265869
1924.8523,1404.7174,35.726224184036255
1924.8878,1404.8911,35.780455350875854
1925.173,1404.676,35.83289122581482
1925.4703,1404.5815,35.880152225494385
1924.1588,1404.2169,35.932679176330566
1923.1908,1403.943,35.97830820083618
1922.2574,1403.7911,36.026121377944946
1921.8661,1403.0557,36.06746315956116
1921.6329,1402.557,36.10712432861328
1921.7983,1402.2217,36.14673113822937
1921.9103,1401.9744,36.18485403060913
1922.0181,1401.8165,36.22617816925049
1921.7819,1401.6879,36.26294922828674
1921.6436,1401.6206,36.30310034751892
1921.825,1401.561,36.341416358947754
1921.9751,1401.5322,36.37813925743103
1922.9792,1401.5219,36.41479229927063
1923.7134,1401.5184,36.45318126678467
1924.2467,1402.6893,36.49025630950928
1924.643,1403.5499,36.527095079422
1924.9364,1404.1808,36.56388235092163
1925.1519,1404.6417,36.600685119628906
1925.0203,1404.9807,36.63698124885559
1924.9274,1405.2294,36.67392826080322
1925.447,1405.1179,36.71088099479675
1925.829,1405.0383,36.74878001213074
1926.1082,1405.2742,36.78578734397888
1926.3153,1405.4487,36.822941303253174
1925.2924,1404.4014,36.860045194625854
1924.5476,1403.6385,36.89679718017578
1924.0087,1403.0858,36.93599009513855
1923.6125,1402.68,36.97365617752075
1923.035,1402.6846,37.01052904129028
1922.6208,1402.693,37.04906225204468
1922.3177,1402.6985,37.08635115623474
1922.104,1402.7074,37.12517333030701
1921.9492,1402.4192,37.16279721260071
1921.8424,1402.213,37.20351219177246
1921.7584,1403.2455,37.25483798980713
1921.6741,1404.0013,37.30766534805298
1921.3085,1403.9536,37.36886811256409
1922.2775,1404.2284,37.42143511772156
1923.0159,1405.0648,37.47765326499939
1923.559,1405.6753,37.52566909790039
1924.8925,1405.4879,37.56422019004822
1925.8392,1405.047,37.60075902938843
1926.5105,1404.7336,37.640382289886475
1926.9956,1404.5079,37.685227155685425
1927.3557,1404.3417,37.74282622337341
1927.3285,1404.5205,37.796197175979614
1927.2982,1404.6545,37.84898924827576
1927.2759,1404.7533,37.90189838409424
1926.0148,1404.5176,37.95539140701294
1924.1711,1404.6547,37.99991703033447
1923.159,1404.4493,38.03714203834534
1922.4508,1404.305,38.076322078704834
1922.2375,1403.9026,38.11408042907715
1922.0908,1403.6145,38.16146516799927
1921.9661,1403.398,38.212494134902954
1921.8639,1403.2335,38.267826318740845
1921.7987,1403.1163,38.329891204833984
1923.6,1403.0267,38.37616515159607
1924.6132,1403.2834,38.413960218429565
1925.3346,1403.4729,38.45278310775757
1926.1493,1403.6083,38.49071526527405
1926.734,1403.7065,38.52878427505493
1926.5659,1404.0729,38.56589126586914
1926.4424,1404.3386,38.60817217826843
1926.6501,1404.5325,38.649919271469116
1926.8032,1404.6747,38.69503617286682
1926.6141,1404.4817,38.741204261779785
1925.8811,1405.5333,38.77766132354736
1925.3434,1406.2882,38.81553936004639
