X,Y,delta_x,delta_y,Time
3615.0,1971.0,-1543.0,-561.0,0.17223286628723145
2170.4268,1145.1643,-98.42676,264.8357,0.3112678527832031
2107.3037,1464.8779,-35.30371,-54.87793,0.4094548225402832
2248.491,1801.6317,-176.49097,-391.6317,0.46619701385498047
1807.3071,2011.8959,264.69287,-601.8959,0.5254349708557129
1835.8553,2039.8475,236.14465,-629.84753,0.570875883102417
1860.1318,2058.7043,211.86816,-648.70435,0.6250450611114502
1957.811,1998.4985,114.188965,-588.49854,0.682013988494873
2167.9658,1691.92,-95.96582,-281.92004,0.7453367710113525
1856.7415,1673.045,215.25854,-263.04504,0.8014757633209229
1580.0609,1657.0148,491.9391,-247.01477,0.8515059947967529
1528.6177,1434.4155,543.3823,-24.415527,0.9151639938354492
1480.3075,1405.9902,591.6925,4.0097656,1.0471808910369873
1552.7733,1624.1726,519.2267,-214.1726,1.0994439125061035
1523.2528,1619.1217,548.7472,-209.1217,1.242102861404419
1448.8436,1606.3906,623.1564,-196.39062,1.4027018547058105
1052.5364,1929.1146,1019.4636,-519.1146,1.460576057434082
839.43976,2132.782,1232.5603,-722.782,1.5131378173828125
787.2282,2154.8584,1284.7717,-744.8584,1.667891025543213
1020.30804,2180.4883,1051.6919,-770.4883,1.7281317710876465
980.3749,2203.4705,1091.6251,-793.47046,1.9067039489746094
1620.7554,2251.3906,451.24463,-841.3906,1.989414930343628
1842.6498,2125.5051,229.35022,-715.5051,2.1143388748168945
1600.0745,2176.2517,471.92554,-766.2517,2.1964428424835205
1339.3513,2110.904,732.6487,-700.90405,2.300373077392578
1137.8673,2233.4731,934.1327,-823.47314,2.360563039779663
1367.0613,2320.5518,704.9387,-910.55176,2.421319007873535
1201.5525,2411.3628,870.4475,-1001.3628,2.4843199253082275
1064.8766,2487.1504,1007.1234,-1077.1504,2.5470190048217773
1039.7241,2512.5325,1032.2759,-1102.5325,2.7230300903320312
1291.1172,2414.719,780.8828,-1004.719,2.784430742263794
1527.1217,2302.3716,544.8783,-892.3716,2.836189031600952
1520.5984,2318.5205,551.4016,-908.5205,3.0611767768859863
1391.2982,2058.8474,680.7018,-648.8474,3.125865936279297
1611.772,2138.8264,460.22803,-728.8264,3.2156739234924316
1634.2073,2103.548,437.79272,-693.5481,3.307013988494873
1812.3893,2034.6774,259.61072,-624.67737,3.3761589527130127
1961.396,2073.7495,110.604004,-663.7495,3.444927930831909
1750.8148,2049.5322,321.18518,-639.5322,3.5040338039398193
1614.634,2084.981,457.36597,-674.98096,3.5621137619018555
1486.852,2161.8833,585.14795,-751.8833,3.625903844833374
1481.2148,2169.345,590.78516,-759.345,3.8018879890441895
1561.5112,2037.8262,510.48877,-627.8262,3.8615758419036865
1558.4861,2041.271,513.5139,-631.271,4.027390956878662
1776.0328,2067.408,295.96716,-657.40796,4.086428880691528
1825.5602,2140.1064,246.43982,-730.10645,4.13794207572937
2009.4153,2024.5332,62.584717,-614.5332,4.202293872833252
2171.2983,1924.1982,-99.29834,-514.19824,4.253070831298828
2176.795,2003.8254,-104.79492,-593.82544,4.322893857955933
2070.3499,2075.001,1.6501465,-665.001,4.3783860206604
2197.9658,2087.9644,-125.96582,-677.96436,4.436223030090332
2284.4136,1943.2782,-212.41357,-533.2782,4.524494886398315
2301.8289,1944.6918,-229.82886,-534.6918,4.699256896972656
2334.8032,1947.3682,-262.80322,-537.36816,4.877297878265381
2177.869,2031.8267,-105.8689,-621.82666,4.950922966003418
2220.2695,1996.6301,-148.26953,-586.6301,5.076292991638184
2323.9602,1823.4684,-251.9602,-413.46838,5.136855840682983
2281.5227,1898.4701,-209.5227,-488.4701,5.205557107925415
2321.6082,1961.5245,-249.60815,-551.52454,5.268042087554932
2247.82,2017.0376,-175.82007,-607.0376,5.329965829849243
2148.5999,2078.284,-76.59985,-668.28394,5.388034820556641
2058.6006,2133.7288,13.399414,-723.72876,5.438758850097656
1976.5817,2183.7065,95.418335,-773.70654,5.492626905441284
1979.3599,2187.8455,92.64014,-777.84546,5.653852939605713
1987.8796,2200.538,84.12036,-790.5381,5.80945897102356
1996.1478,2212.8557,75.85217,-802.8557,5.981663942337036
2100.2922,2107.7688,-28.292236,-697.7688,6.0396318435668945
2186.718,2007.1593,-114.71802,-597.1593,6.093334674835205
2084.538,1881.5425,-12.538086,-471.54248,6.137549877166748
1946.9978,1915.9175,125.0022,-505.91748,6.179795026779175
1824.061,1946.6508,247.93896,-536.65076,6.23626708984375
1824.2078,1946.857,247.79224,-536.85706,6.40106201171875
1723.9744,1976.9181,348.02563,-566.9181,6.452233076095581
1780.1406,1951.9794,291.85938,-541.9794,6.500243902206421
1830.4413,1841.2806,241.55872,-431.28064,6.544585943222046
1876.0018,1741.05,195.99817,-331.05005,6.5898048877716064
1898.5449,1799.3678,173.45508,-389.3678,6.635393857955933
1919.2726,1852.7198,152.72742,-442.71985,6.682359933853149
1831.502,1899.2582,240.49805,-489.25818,6.723627090454102
1870.9243,1809.7433,201.07568,-399.7433,6.765955924987793
1907.427,1726.8619,164.573,-316.86194,6.812096118927002
1817.6758,1757.5797,254.32422,-347.5797,6.856648921966553
1733.9014,1786.1744,338.09863,-376.17444,6.8989949226379395
1796.1438,1824.2186,275.8562,-414.21863,6.942899942398071
1833.7246,1762.7474,238.27539,-352.74744,6.984046936035156
1868.9879,1705.1312,203.01208,-295.13123,7.029545068740845
1820.3811,1641.3231,251.6189,-231.32312,7.076400995254517
1774.4039,1580.8612,297.59607,-170.8612,7.121514081954956
1830.1144,1610.1117,241.88562,-200.1117,7.165607929229736
1874.861,1652.9574,197.13904,-242.9574,7.208870887756348
1917.3318,1693.6539,154.66821,-283.65393,7.257305860519409
1918.526,1691.1543,153.474,-281.1543,7.405057907104492
1891.9153,1727.234,180.08472,-317.234,7.459595680236816
1987.8467,1763.8022,84.15332,-353.80225,7.515462875366211
2080.3833,1798.5328,-8.383301,-388.53284,7.57584285736084
2126.1375,1784.1569,-54.13745,-374.15686,7.634716987609863
2176.4722,1707.1271,-104.47217,-297.12708,7.691917896270752
2105.0137,1745.6316,-33.01367,-335.6316,7.746065855026245
2036.3429,1782.6312,35.657104,-372.63123,7.795302867889404
2038.7084,1781.4487,33.291626,-371.44873,7.941226959228516
2103.0686,1700.2035,-31.068604,-290.2035,7.992060899734497
2106.3425,1697.915,-34.34253,-287.91504,8.138510942459106
2115.4885,1691.5221,-43.488525,-281.5221,8.284140825271606
2174.5173,1642.3732,-102.517334,-232.37317,8.331398963928223
2224.156,1600.2654,-152.156,-190.26538,8.376239776611328
2245.14,1547.9358,-173.1399,-137.93579,8.427332878112793
2337.6917,1480.9348,-265.69165,-70.934814,8.470615863800049
2424.1958,1418.392,-352.1958,-8.391968,8.519362926483154
2359.1152,1366.5712,-287.11523,43.428833,8.566612005233765
2338.4353,1318.156,-266.4353,91.843994,8.612165927886963
2318.4312,1272.6556,-246.43115,137.34436,8.65890383720398
2237.649,1286.5938,-165.64893,123.40625,8.705895900726318
2160.6846,1299.715,-88.68457,110.285034,8.754254817962646
2111.5789,1315.4231,-39.578857,94.576904,8.812489986419678
2091.2544,1303.7672,-19.254395,106.23279,8.85989785194397
2081.858,1317.4489,-9.85791,92.55115,8.908902883529663
2072.7822,1330.7704,-0.78222656,79.229614,8.95393991470337
2041.9567,1377.8906,30.043335,32.109375,9.004344940185547
2012.5145,1422.4062,59.485474,-12.40625,9.05443787574768
2051.9048,1462.7617,20.095215,-52.76172,9.105535984039307
2112.4426,1478.1257,-40.442627,-68.12573,9.162338733673096
2051.916,1506.9446,20.083984,-96.94458,9.222867965698242
1993.0985,1534.6145,78.90149,-124.6145,9.284600734710693
2033.6317,1560.947,38.368286,-150.94702,9.338360786437988
2058.0574,1600.0823,13.942627,-190.08228,9.389044046401978
2059.5918,1598.1022,12.408203,-188.10217,9.524402856826782
2142.3018,1632.881,-70.30176,-222.88098,9.567399978637695
2218.9302,1669.5942,-146.93018,-259.59424,9.613061904907227
2136.8438,1673.9784,-64.84375,-263.9784,9.654025077819824
2057.939,1678.2417,14.061035,-268.2417,9.701807975769043
2059.2021,1677.509,12.797852,-267.50903,9.844732999801636
2069.8706,1717.8376,2.1293945,-307.83765,9.893547058105469
2077.7952,1757.9878,-5.795166,-347.9878,9.94225001335144
2032.6238,1760.9663,39.37622,-350.9663,9.989269971847534
2065.9963,1797.1384,6.003662,-387.13843,10.03551697731018
2098.1226,1831.9545,-26.122559,-421.95447,10.079732894897461
2088.5027,1831.5988,-16.502686,-421.59875,10.126729011535645
2017.3289,1852.6299,54.671143,-442.62988,10.185366868972778
2023.213,1834.4283,48.786987,-424.42834,10.237583875656128
2028.6608,1816.3073,43.339233,-406.30725,10.282731771469116
2035.5547,1797.5275,36.445312,-387.52747,10.33114504814148
2042.3018,1779.4272,29.698242,-369.42725,10.377678871154785
2049.0405,1761.6576,22.959473,-351.6576,10.428125858306885
2055.8696,1744.311,16.130371,-334.31104,10.483990907669067
2062.7925,1727.2891,9.20752,-317.28906,10.539655923843384
2069.4075,1710.7186,2.5925293,-300.71863,10.596473932266235
2076.0996,1694.4375,-4.0996094,-284.4375,10.650978803634644
2082.7285,1678.431,-10.728516,-268.43103,10.70579195022583
2089.4001,1662.6986,-17.400146,-252.69861,10.76258373260498
2095.7952,1647.4235,-23.795166,-237.42346,10.826944828033447
2102.5205,1632.062,-30.520508,-222.06201,10.88507604598999
2108.8606,1617.2644,-36.860596,-207.2644,10.939712762832642
2115.0925,1602.7709,-43.09253,-192.77087,10.990782976150513
2121.166,1588.628,-49.166016,-178.62805,11.047372817993164
2127.246,1574.745,-55.246094,-164.745,11.100703954696655
2133.2498,1561.1644,-61.249756,-151.16443,11.161333799362183
2139.514,1547.4401,-67.513916,-137.44006,11.23287296295166
2146.1472,1533.3724,-74.14722,-123.37244,11.299585819244385
2152.4807,1519.7562,-80.48071,-109.756226,11.37018084526062
2159.096,1505.9822,-87.09595,-95.98218,11.459579944610596
2166.309,1491.4133,-94.30908,-81.41333,11.531718015670776
2172.903,1477.8246,-100.903076,-67.824585,11.599002838134766
2179.4412,1464.4419,-107.44116,-54.441895,11.689231872558594
2186.5264,1450.3953,-114.52637,-40.395264,11.756562948226929
2192.8518,1437.6094,-120.85181,-27.609375,11.829067707061768
2199.2964,1424.7803,-127.29639,-14.780273,11.904821872711182
2205.8347,1411.8792,-133.83472,-1.8791504,11.982302904129028
2212.3582,1399.1653,-140.35815,10.834717,12.060865879058838
2219.099,1386.3373,-147.09912,23.66272,12.13097095489502
2225.3667,1374.3253,-153.3667,35.674683,12.198300838470459
2231.0317,1363.3558,-159.03174,46.644165,12.258841753005981
2236.6406,1352.6262,-164.64062,57.37378,12.330874919891357
2242.5823,1341.3918,-170.58228,68.608154,12.389869928359985
2247.626,1331.7554,-175.62598,78.24463,12.455238819122314
2253.2817,1321.3134,-181.28174,88.686646,12.506196022033691
2257.9014,1312.6805,-185.90137,97.31946,12.561569690704346
2262.7793,1303.7662,-190.7793,106.233765,12.613856792449951
2267.4487,1295.2195,-195.44873,114.78052,12.700944900512695
2273.758,1284.0331,-201.75806,125.96692,12.767226934432983
2278.9663,1274.7848,-206.96631,135.21521,12.835307121276855
2284.0278,1266.0161,-212.02783,143.98389,12.889996767044067
2288.5122,1258.2625,-216.5122,151.73755,12.943343877792358
2292.8252,1250.9132,-220.8252,159.08679,12.99837589263916
2297.136,1243.5729,-225.13599,166.42712,13.049407005310059
2301.1313,1236.8717,-229.13135,173.1283,13.10418176651001
2305.3193,1229.9626,-233.31934,180.03735,13.164302825927734
2309.9312,1222.5319,-237.93115,187.46814,13.223874807357788
2314.5447,1215.2025,-242.54468,194.79749,13.27730393409729
2318.4834,1208.9828,-246.4834,201.01721,13.335656881332397
2322.6958,1202.3502,-250.6958,207.64978,13.391723871231079
2326.6963,1196.1669,-254.69629,213.83313,13.444468021392822
2330.6208,1190.2048,-258.62085,219.79517,13.50223183631897
2334.6587,1184.044,-262.6587,225.95605,13.562869787216187
2338.7444,1177.9686,-266.7444,232.03137,13.623069047927856
2342.9626,1171.7673,-270.96265,238.23267,13.677675008773804
2346.833,1166.2249,-274.833,243.77515,13.728417873382568
2350.47,1161.0442,-278.46997,248.95581,13.783466100692749
2354.0005,1156.0848,-282.0005,253.91516,13.843886852264404
2357.9797,1150.4796,-285.97974,259.5204,13.901569843292236
2361.8623,1145.2167,-289.8623,264.78333,13.961440801620483
2365.9282,1139.7374,-293.92822,270.26257,14.016633749008179
2369.519,1135.0018,-297.51904,274.99817,14.074307918548584
2373.3796,1129.9313,-301.37964,280.06873,14.137463808059692
2377.331,1124.7927,-305.33105,285.20728,14.202662944793701
2381.695,1119.0767,-309.69507,290.92334,14.29027795791626
2387.0703,1111.908,-315.0703,298.09204,14.355869054794312
2391.188,1106.8203,-319.188,303.1797,14.417500019073486
2395.151,1102.0508,-323.15088,307.94922,14.479024887084961
2398.8455,1097.675,-326.84546,312.32495,14.531840085983276
2402.0745,1094.0922,-330.07446,315.90784,14.590327739715576
2405.4966,1090.269,-333.49658,319.73096,14.644443988800049
2408.952,1086.549,-336.9519,323.45105,14.713130950927734
2413.181,1081.7007,-341.1809,328.29932,14.776694774627686
2417.0542,1077.3749,-345.0542,332.62512,14.846736907958984
2421.5278,1072.2632,-349.52783,337.73682,14.905086994171143
2424.5132,1069.3834,-352.51318,340.61658,14.962859869003296
2427.7646,1066.151,-355.76465,343.849,15.018354892730713
2431.072,1062.9758,-359.07202,347.02417,15.069440126419067
2434.231,1060.0857,-362.23096,349.9143,15.124046802520752
2437.278,1057.316,-365.27808,352.68396,15.185187816619873
2440.9272,1053.6534,-368.92725,356.34656,15.24751901626587
2444.3748,1050.3951,-372.37476,359.60486,15.309959888458252
2447.938,1046.9843,-375.938,363.01575,15.3726327419281
2451.8164,1043.307,-379.8164,366.693,15.425877094268799
2454.7703,1040.9272,-382.77026,369.07275,15.48380184173584
2457.9216,1038.2656,-385.92163,371.73438,15.539244890213013
2461.053,1035.6716,-389.05298,374.32837,15.594661951065063
2464.2012,1033.0919,-392.20117,376.90808,15.651390075683594
2467.4988,1030.2643,-395.49878,379.73572,15.713886976242065
2470.7402,1027.636,-398.74023,382.364,15.788712978363037
2475.0479,1023.53973,-403.04785,386.46027,15.86630892753601
2479.302,1019.6335,-407.302,390.36652,15.922461986541748
2482.2966,1017.50586,-410.29663,392.49414,15.975243091583252
2485.18,1015.5092,-413.17993,394.49078,16.033427953720093
2488.5127,1012.9725,-416.5127,397.02753,16.091697931289673
2491.5923,1010.73706,-419.5923,399.26294,16.14863896369934
2494.4653,1008.80695,-422.46533,401.19305,16.20361590385437
2497.4768,1006.72034,-425.4768,403.27966,16.266424894332886
2500.829,1004.2162,-428.8291,405.7838,16.332451820373535
2504.6553,1001.0986,-432.65527,408.90143,16.40372896194458
2508.1028,998.4521,-436.10278,411.5479,16.461334705352783
2511.0913,996.46643,-439.0913,413.53357,16.526434898376465
2514.5632,993.8925,-442.56323,416.10748,16.60859179496765
2518.739,990.4691,-446.739,419.53088,16.681723833084106
2522.518,987.6005,-450.51807,422.39948,16.751435041427612
2526.0176,985.08026,-454.01758,424.91974,16.81357979774475
2529.5752,982.5816,-457.5752,427.4184,16.905441761016846
2534.0566,978.9521,-462.05664,431.0479,16.98378872871399
2537.9495,976.0564,-465.94946,433.9436,17.053810834884644
2541.052,974.1542,-469.052,435.84583,17.122342824935913
2544.6743,971.6112,-472.67432,438.3888,17.239070892333984
2550.265,966.8378,-478.2649,443.16217,17.30688190460205
2553.8079,964.5176,-481.80786,445.48242,17.41442108154297
2558.4705,960.91736,-486.47046,449.08264,17.518910884857178
2563.6978,956.6903,-491.69775,453.3097,17.69617986679077
2572.158,948.89764,-500.15796,461.10236,17.925595998764038
2583.8875,937.5806,-511.88745,472.41937,18.125789880752563
2592.5393,930.02954,-520.5393,479.97046,18.22530198097229
2595.9946,928.47,-523.9946,481.53003,18.79585099220276
2623.0986,900.9052,-551.09863,509.0948,18.931182861328125
2626.4766,900.08435,-554.47656,509.91565,19.232807874679565
2637.8618,890.78107,-565.8618,519.21893,19.29412579536438
2636.8696,894.87616,-564.8696,515.12384,19.36620283126831
2636.8425,897.706,-564.8425,512.294,19.460376739501953
2639.5044,897.62256,-567.5044,512.37744,19.6631817817688
2643.9863,895.7161,-571.9863,514.2839,19.878890991210938
2651.41,890.9363,-579.4099,519.0637,20.19761371612549
2663.3813,881.7718,-591.38135,528.2282,20.75337505340576
2680.293,868.0977,-608.29297,541.9023,21.266265869140625
2696.0044,856.21185,-624.0044,553.78815,21.504061937332153
2698.7764,857.0655,-626.77637,552.9345,21.900694847106934
2706.739,852.9909,-634.739,557.0091,22.399136781692505
2717.4216,846.6384,-645.42163,563.3616,22.918725967407227
2726.6401,841.83905,-654.64014,568.16095,23.331794023513794
2731.6362,840.9468,-659.6362,569.0532,23.83210587501526
2738.3093,838.59607,-666.3093,571.40393,24.285152673721313
2743.8762,837.32043,-671.8762,572.67957,24.679900884628296
2746.3376,838.5702,-674.33765,571.4298,25.247159719467163
2754.3057,835.15967,-682.30566,574.84033,25.382993936538696
2751.257,840.7631,-679.2571,569.2369,26.032166957855225
2760.464,836.08594,-688.4641,573.91406,26.543075799942017
2766.4119,834.03204,-694.41187,575.96796,26.899627685546875
2767.2017,835.94257,-695.20166,574.05743,27.485893964767456
2774.2576,832.7113,-702.25757,577.2887,27.980042934417725
2778.7493,831.3721,-706.74927,578.6279,28.074447870254517
2774.7117,836.3588,-702.7117,573.6412,29.03768491744995
2789.9226,826.7098,-717.9226,583.2902,29.59656596183777
2796.6948,823.37646,-724.6948,586.62354,29.825678825378418
2795.4578,825.8897,-723.45776,584.1103,30.082191944122314
2795.906,826.81903,-723.906,583.18097,30.26526379585266
2795.638,828.15454,-723.63794,581.84546,30.433109045028687
2795.9065,828.9274,-723.9065,581.0726,30.66482186317444
2797.501,828.6323,-725.501,581.3677,30.804929733276367
2798.2112,828.927,-726.2112,581.073,31.269336938858032
2804.422,825.1706,-732.4221,584.8294,31.54454469680786
2807.6885,823.48505,-735.6885,586.51495,31.95313787460327
2812.1055,820.9172,-740.10547,589.0828,32.2161910533905
2816.0642,818.6358,-744.0642,591.3642,32.53558087348938
2819.5332,816.6518,-747.5332,593.3482,32.90099883079529
2823.7302,814.0694,-751.7302,595.9306,33.71398186683655
2836.8467,805.3041,-764.8467,604.6959,34.45522379875183
2844.869,799.9275,-772.8689,610.0725,34.84353184700012
2848.4875,797.5935,-776.48755,612.4065,35.01623296737671
2848.8247,797.4592,-776.8247,612.5408,35.07664084434509
2847.7983,798.28156,-775.79834,611.71844,35.14377784729004
2847.106,798.8355,-775.10596,611.1645,35.20328974723816
2846.4885,799.32855,-774.4885,610.67145,35.27462291717529
2846.4248,799.3955,-774.4248,610.6045,35.36776876449585
2847.024,798.96423,-775.0239,611.03577,35.47508478164673
2847.877,798.32544,-775.87695,611.67456,36.268059968948364
2859.4001,790.2654,-787.40015,619.7346,36.37778902053833
2860.2632,789.55505,-788.2632,620.44495,36.45510792732239
2860.7976,789.0628,-788.7976,620.9372,36.52442693710327
2861.3381,788.60126,-789.33813,621.39874,36.584254026412964
2862.0708,788.0193,-790.0708,621.9807,36.651835918426514
2862.6033,787.49194,-790.6033,622.50806,36.712376832962036
2863.391,786.80554,-791.3911,623.19446,36.786059856414795
2864.6008,785.8097,-792.6008,624.1903,36.84503507614136
2865.664,784.8965,-793.66406,625.1035,36.90354371070862
2866.78,783.96387,-794.78,626.03613,36.9576940536499
2867.749,783.14496,-795.749,626.85504,37.14625597000122
2871.2651,780.5398,-799.26514,629.4602,37.344502687454224
2874.1965,778.32336,-802.19653,631.67664,37.39340591430664
2875.2393,777.4277,-803.23926,632.5723,37.457046031951904
2876.4814,776.3887,-804.48145,633.6113,37.54773473739624
2878.2964,774.93353,-806.2964,635.06647,37.61342787742615
2879.7854,773.7231,-807.7854,636.2769,37.68646693229675
2881.4568,772.3971,-809.4568,637.6029,37.75336408615112
2883.0168,771.1332,-811.01685,638.8668,37.92298197746277
2886.3765,768.5625,-814.37646,641.4375,38.04700803756714
2889.006,766.52075,-817.0061,643.47925,38.26124882698059
2893.2856,763.2012,-821.28564,646.7988,38.33522987365723
2895.3418,761.5,-823.3418,648.5,38.822404861450195
2904.1267,754.8924,-832.1267,655.1076,38.93822979927063
2906.992,752.5934,-834.99194,657.4066,39.136488914489746
2911.225,749.2502,-839.2251,660.7498,39.20648670196533
2913.2627,747.5358,-841.2627,662.4642,39.284477949142456
2915.4182,745.7222,-843.4182,664.2778,39.384084939956665
2917.9263,743.64777,-845.9263,666.35223,39.456331729888916
2920.057,741.8012,-848.0569,668.1988,39.52944493293762
2922.4275,739.79956,-850.4275,670.20044,39.59699487686157
2924.2424,738.2549,-852.24243,671.7451,39.66158699989319
2926.2449,736.5698,-854.2449,673.4302,39.72241997718811
2928.128,734.9509,-856.1279,675.0491,39.83739972114563
2931.196,732.39886,-859.19604,677.60114,40.01805806159973
2935.4753,728.9595,-863.47534,681.0405,40.087066888809204
2937.6873,727.06995,-865.68726,682.93005,40.17068886756897
2940.169,724.9646,-868.16895,685.0354,40.23271584510803
2942.2202,723.1745,-870.2202,686.8255,40.32711410522461
2944.8945,720.9408,-872.89453,689.0592,40.38884210586548
2946.928,719.1829,-874.928,690.8171,40.457067012786865
2949.1672,717.23804,-877.16724,692.76196,40.51421904563904
2951.0845,715.5497,-879.0845,694.4503,40.56961393356323
2953.0474,713.8565,-881.04736,696.1435,40.644272804260254
2955.2568,711.97107,-883.25684,698.02893,40.71542572975159
2957.4846,710.08966,-885.4846,699.91034,40.81948399543762
2960.515,707.529,-888.5149,702.471,40.87805700302124
2962.584,705.7199,-890.584,704.2801,40.9610960483551
2965.101,703.5896,-893.1011,706.4104,41.20320010185242
2971.633,698.2986,-899.63306,711.7014,41.38640999794006
2975.6885,694.9252,-903.6885,715.0748,41.467933893203735
2978.2336,692.69525,-906.23364,717.30475,41.55597281455994
2980.4878,690.701,-908.4878,719.299,41.68242883682251
2983.9207,687.7689,-911.92065,722.2311,41.751747846603394
2986.0833,685.829,-914.08325,724.171,41.810192823410034
2988.024,684.0571,-916.0239,725.9429,41.862337827682495
2989.8958,682.36597,-917.89575,727.63403,41.94912791252136
2992.5916,679.9912,-920.59155,730.0088,42.02199101448059
2995.0886,677.7973,-923.0886,732.2027,42.08673095703125
2997.2585,675.8164,-925.25854,734.1836,42.15720295906067
2999.6223,673.7041,-927.6223,736.2959,42.260780811309814
3002.837,670.87854,-930.8369,739.12146,42.33060002326965
3005.2422,668.6971,-933.2422,741.3029,42.41372084617615
3007.9338,666.26733,-935.93384,743.73267,42.482035875320435
3010.379,664.02997,-938.3789,745.97003,42.561593770980835
3013.0408,661.6399,-941.0408,748.3601,42.62916898727417
3015.5525,659.3106,-943.5525,750.6894,42.7527129650116
3019.323,655.88983,-947.323,754.11017,42.81750679016113
3021.7163,653.6345,-949.7163,756.3655,42.90911889076233
3024.713,650.87317,-952.7129,759.12683,42.984012842178345
3027.361,648.34686,-955.3611,761.65314,43.10258102416992
3031.1814,644.7934,-959.1814,765.2066,43.25225782394409
3035.4666,640.7557,-963.46655,769.2443,43.35299587249756
2923.7485,730.8077,-851.74854,679.1923,43.55264377593994
2923.4753,730.91895,-851.47534,679.08105,43.796149015426636
2855.3877,754.0888,-783.3877,655.9112,43.874064922332764
2816.2583,818.044,-744.2583,591.956,43.945743799209595
2855.2456,824.2505,-783.2456,585.7495,44.00770282745361
2856.023,898.3891,-784.02295,511.6109,44.0891900062561
2806.2043,942.76605,-734.20435,467.23395,44.143698930740356
2759.4194,983.8807,-687.41943,426.11932,44.204488039016724
2649.0278,1064.1184,-577.02783,345.8816,44.388094902038574
2531.116,1152.798,-459.11597,257.20203,44.56842398643494
2516.7642,1167.8854,-444.76416,242.11462,44.86686086654663
2524.4983,1176.1439,-452.4983,233.85608,45.05788707733154
2540.7354,1256.3525,-468.73535,153.64746,45.126829862594604
2536.4968,1262.276,-464.49683,147.724,45.35003185272217
2417.37,1376.9572,-345.37012,33.042847,45.45642876625061
2402.784,1354.7955,-330.78394,55.204468,45.7367377281189
2287.3088,1367.3722,-215.30884,42.627808,45.85094094276428
2245.3418,1405.5009,-173.3418,4.4991455,45.939223766326904
2154.932,1398.6635,-82.931885,11.336548,46.00143790245056
2032.2185,1417.3959,39.781494,-7.395874,46.07656288146973
2056.6455,1497.4269,15.354492,-87.42688,46.150814056396484
2045.6631,1506.6455,26.336914,-96.64551,46.336211919784546
2014.8055,1532.5472,57.194458,-122.54724,46.60371780395508
1986.9037,1647.7449,85.09631,-237.74487,46.68335294723511
1985.6792,1732.9857,86.3208,-322.98572,46.73547291755676
1933.2424,1797.5828,138.75757,-387.58276,46.803714752197266
1834.1091,1841.6727,237.89087,-431.67273,46.85748887062073
1761.7643,1875.8784,310.23572,-465.87842,46.91911196708679
1800.8069,1931.2416,271.1931,-521.2416,46.97341179847717
1718.3735,1963.668,353.62646,-553.66797,47.034719944000244
1639.356,1996.136,432.64404,-586.136,47.097142696380615
1658.75,2043.9077,413.25,-633.9077,47.1654417514801
1582.3829,2075.161,489.61707,-665.1609,47.23687982559204
1509.6681,2123.3386,562.3319,-713.3386,47.29265284538269
1464.0076,2050.4897,607.99243,-640.48975,47.352128744125366
1525.2655,2074.5823,546.7345,-664.5823,47.40164089202881
1584.4209,2095.8745,487.5791,-685.8745,47.47961783409119
1617.4835,2137.7175,454.51648,-727.7175,47.54428791999817
1550.757,2174.1926,521.24304,-764.1926,47.65584588050842
1618.292,2197.8699,453.708,-787.8699,47.732945919036865
1670.682,2153.5444,401.318,-743.54443,47.78713607788086
1723.3988,2108.01,348.6012,-698.01,47.844921827316284
1773.9337,2064.2173,298.06628,-654.2173,47.908297061920166
1856.0165,2039.4395,215.98352,-629.43945,48.01772975921631
1840.5547,2060.351,231.44531,-650.3511,48.2514169216156
1812.5701,2098.1992,259.42993,-688.1992,48.496336936950684
1732.4858,2174.1514,339.51416,-764.15137,48.58454465866089
1746.2817,2216.4653,325.71826,-806.46533,48.72156286239624
1797.602,2171.8289,274.39795,-761.82886,48.81797003746033
1716.2238,2211.3706,355.77625,-801.3706,48.93809700012207
1704.5239,2211.9556,367.47607,-801.95557,49.07188296318054
1646.9838,2214.2852,425.01624,-804.28516,49.187432050704956
1683.2474,2255.6064,388.75256,-845.60645,49.29462194442749
1670.1077,2273.0566,401.89233,-863.05664,49.55274486541748
1547.0132,2287.6082,524.9868,-877.60815,49.70493173599243
1587.4243,2334.4204,484.57568,-924.4204,49.82169771194458
1598.7709,2339.1094,473.22913,-929.1094,50.202441930770874
1561.7135,2280.2188,510.2865,-870.21875,50.39493775367737
1666.5309,2296.663,405.46912,-886.6631,50.4449360370636
1661.7537,2303.2827,410.24634,-893.2827,50.609535932540894
1734.7417,2326.2761,337.2583,-916.2761,50.657113790512085
1730.8639,2332.8167,341.1361,-922.81665,50.824105978012085
1773.3909,2239.7615,298.60913,-829.7615,50.870429039001465
1682.9003,2272.1423,389.09973,-862.14233,50.916171073913574
1600.3336,2302.0354,471.66638,-892.0354,50.96391296386719
1513.4468,2310.7944,558.5532,-900.79443,51.00939178466797
1433.5217,2319.0881,638.4783,-909.08813,51.053889751434326
1360.0449,2326.6418,711.9551,-916.64185,51.102778911590576
1362.9631,2274.4033,709.03687,-864.4033,51.15054798126221
1365.4369,2226.0752,706.5631,-816.0752,51.194987058639526
1418.498,2149.854,653.50195,-739.854,51.23921179771423
1516.2179,2145.1968,555.7821,-735.1968,51.281769037246704
1607.5406,2140.877,464.45935,-730.87695,51.32957911491394
1647.0867,2074.1846,424.91333,-664.1846,51.37721872329712
1748.2955,2100.7478,323.70447,-690.7478,51.42597675323486
1843.7942,2125.9614,228.20581,-715.9614,51.47082185745239
1872.8866,2064.1292,199.1134,-654.12915,51.51672887802124
1845.4684,2091.7544,226.53162,-681.7544,51.563920974731445
1819.3853,2118.0698,252.61475,-708.0698,51.611928939819336
1757.6123,2107.2227,314.3877,-697.22266,51.656516790390015
1698.7467,2096.898,373.2533,-686.89795,51.703205823898315
1721.0525,2049.3088,350.9475,-639.30884,51.75029993057251
1707.5251,1983.4205,364.47485,-573.42053,51.79463291168213
1694.7338,1920.3125,377.26624,-510.3125,51.845069885253906
1691.2163,1922.0219,380.7837,-512.02185,52.00897693634033
1645.2037,1866.7156,426.79626,-456.71558,52.0579788684845
1696.1459,1853.2585,375.85413,-443.25854,52.106106996536255
1744.9124,1840.3768,327.08765,-430.37683,52.153666734695435
1684.6709,1832.6315,387.3291,-422.63147,52.19896984100342
1646.6864,1849.6414,425.3136,-439.64136,52.24504089355469
1609.8768,1866.058,462.12317,-456.05798,52.29408073425293
1555.3914,1857.9894,516.60864,-447.98938,52.3416268825531
1621.9729,1870.6819,450.0271,-460.6819,52.38523077964783
1686.2467,1882.8451,385.7533,-472.8451,52.43199801445007
1714.3403,1838.4796,357.65967,-428.4796,52.48014187812805
1788.5153,1817.3328,283.48474,-407.33276,52.527782917022705
1860.3657,1796.8574,211.63428,-386.85742,52.574620962142944
1824.3207,1831.039,247.67932,-421.03894,52.62214684486389
1789.3212,1864.1968,282.67883,-454.19678,52.67034602165222
1829.8405,1852.7118,242.15955,-442.7118,52.721683979034424
1794.627,1885.3519,277.37305,-475.35193,52.984673738479614
1831.3337,1907.1703,240.66626,-497.1703,53.084009885787964
1795.4058,1906.5468,276.59424,-496.54675,53.20541596412659
1737.3947,1939.1472,334.60535,-529.1472,53.3946897983551
1667.322,1961.5045,404.67798,-551.5045,53.53696393966675
1662.329,1902.6622,409.67102,-492.66223,53.818190813064575
1587.2864,1949.4086,484.71362,-539.40857,53.90719795227051
1525.8298,1985.0997,546.17017,-575.09973,53.95559573173523
1470.0249,2017.9077,601.9751,-607.9077,54.00492596626282
1480.0328,2010.367,591.96716,-600.36694,54.06328082084656
1474.4224,2012.9718,597.57764,-602.9718,54.255149841308594
1553.7894,2031.1547,518.2106,-621.15466,54.377532958984375
1546.8066,2035.6995,525.19336,-625.69946,54.54096794128418
1616.595,1980.9761,455.40503,-570.9761,54.58959078788757
1533.1843,1973.5118,538.8157,-563.51184,54.63646697998047
1490.3828,1989.984,581.6172,-579.984,54.68332505226135
1450.1621,2005.464,621.8379,-595.464,54.73517084121704
1496.9027,1988.8578,575.0973,-578.8578,54.82734704017639
1520.1354,2030.3729,551.8646,-620.3729,54.906606912612915
1553.2521,1974.8514,518.7479,-564.85144,55.428436040878296
1523.0453,1944.5931,548.9547,-534.59314,55.840494871139526
1498.173,1951.601,573.827,-541.60095,56.19592595100403
1430.2249,1948.6539,641.77515,-538.65393,56.363816022872925
1421.9968,1950.4213,650.0032,-540.42126,56.59224987030029
1322.2526,2012.1908,749.74744,-602.1908,56.69591498374939
1525.6233,2022.6206,546.3767,-612.6206,56.770248889923096
1522.3041,2024.753,549.6959,-614.75305,56.94185495376587
1419.2428,2007.9194,652.7572,-597.91943,56.995715856552124
1364.622,2029.4955,707.37805,-619.4955,57.04490089416504
1552.1329,2036.748,519.86707,-626.74805,57.09397482872009
1719.6858,2043.3121,352.3142,-633.31213,57.13933968544006
1802.8445,2079.5732,269.15552,-669.57324,57.190390825271606
1702.3191,2098.637,369.6809,-688.63696,57.242955684661865
1610.6643,2116.1262,461.3357,-706.1262,57.288317918777466
1609.5627,2118.106,462.43726,-708.10596,57.45008683204651
1605.5981,2125.231,466.40186,-715.23096,57.617342948913574
1704.8568,1995.6849,367.1432,-585.68494,57.66174387931824
1797.0471,1874.0817,274.95288,-464.08167,57.7106568813324
1880.9257,1763.5101,191.07434,-353.51013,57.76044297218323
1950.2517,1746.4949,121.74829,-336.49487,57.81517696380615
2013.9377,1730.9056,58.062256,-320.90564,57.88396883010864
2064.4397,1763.5582,7.5603027,-353.55823,57.9526469707489
2167.753,1732.4877,-95.75293,-322.48767,58.03497505187988
2174.4207,1729.9095,-102.420654,-319.90955,58.1999409198761
2113.0251,1784.0264,-41.025146,-374.02637,58.25982189178467
2047.8485,1837.4161,24.15149,-427.41614,58.32336187362671
2051.242,1836.811,20.758057,-426.81104,58.50001788139343
2060.7048,1835.1239,11.295166,-425.1239,58.66679573059082
2021.321,1882.1567,50.678955,-472.15674,58.717777967453
1979.6829,1926.3315,92.31714,-516.33154,58.78050899505615
1897.405,1950.366,174.59497,-540.36597,58.87461471557617
1880.0487,1911.0452,191.9513,-501.04517,58.92122983932495
1863.3986,1874.3171,208.60144,-464.31714,58.972139835357666
1955.2432,1826.1002,116.756836,-416.10022,59.029218912124634
2002.9093,1852.8066,69.0907,-442.80664,59.08420205116272
2047.5997,1877.844,24.400269,-467.844,59.13758397102356
1996.2854,1875.3698,75.7146,-465.36975,59.18710684776306
1926.9545,1897.0565,145.04553,-487.05652,59.23475003242493
1861.7482,1917.4669,210.25183,-507.46692,59.288165807724
1916.9993,1870.5477,155.00073,-460.54773,59.33569002151489
1964.7773,1900.9489,107.22266,-490.94885,59.389612913131714
1884.3854,1897.0898,187.61462,-487.08984,59.47579598426819
1885.6155,1897.3241,186.38452,-487.3241,59.665332078933716
1888.0153,1897.781,183.98474,-487.781,59.85004687309265
1890.5347,1898.2606,181.46533,-488.26062,60.030911922454834
1960.5536,1809.5425,111.44641,-399.54248,60.08136510848999
1961.9448,1808.7292,110.055176,-398.72925,60.24711990356445
1879.7445,1853.446,192.2555,-443.44604,60.4038028717041
1802.2174,1879.8597,269.7826,-469.85974,60.47124481201172
1801.6709,1879.8273,270.3291,-469.82727,60.675230979919434
1825.3411,1928.8699,246.65894,-518.8699,60.73397397994995
1902.9247,1821.3348,169.07532,-411.33484,60.78736901283264
1974.7562,1721.7638,97.243774,-311.7638,60.856257915496826
1997.5548,1668.4429,74.44519,-258.44287,61.04014801979065
2035.2994,1600.6578,36.70056,-190.65784,61.15801286697388
2041.2677,1620.039,30.7323,-210.03894,61.26202178001404
2045.4174,1614.7821,26.582642,-204.7821,61.43648886680603
2139.4114,1639.7181,-67.41138,-229.71814,61.48753786087036
2092.4922,1694.5293,-20.492188,-284.5293,61.553256034851074
2147.5234,1726.7955,-75.52344,-316.79553,61.6219367980957
2150.9248,1782.6559,-78.924805,-372.65588,61.685778856277466
2051.9395,1811.5984,20.060547,-401.5984,61.74757695198059
1958.8405,1838.798,113.159546,-428.79797,61.806254863739014
1947.6212,1882.5383,124.378784,-472.53833,61.866384983062744
1948.4816,1882.987,123.51843,-472.98706,62.04117488861084
1987.841,1925.5311,84.15906,-515.5311,62.14082479476929
2052.419,1828.8033,19.581055,-418.80334,62.197674036026
2111.982,1737.6366,-39.981934,-327.6366,62.24678683280945
2114.26,1736.5348,-42.26001,-326.5348,62.417112827301025
2076.7415,1781.0599,-4.741455,-371.05994,62.46407103538513
2142.7197,1691.037,-70.71973,-281.037,62.512847900390625
2145.2727,1689.4708,-73.272705,-279.47083,62.677260875701904
2153.769,1684.2587,-81.76904,-274.25867,62.85280680656433
2162.8545,1678.6852,-90.85449,-268.68518,63.02984976768494
2286.5903,1699.7771,-214.59033,-289.7771,63.07248377799988
2393.338,1722.7246,-321.3379,-312.7246,63.130454778671265
2380.1882,1741.359,-308.18823,-331.359,63.20480680465698
2387.0657,1740.1116,-315.06567,-330.11157,63.52967691421509
2311.7544,1768.8298,-239.7544,-358.82983,63.60739588737488
2232.4175,1729.3452,-160.41748,-319.3452,63.66430902481079
2255.9023,1659.9714,-183.90234,-249.97144,63.72105407714844
2155.9255,1697.5253,-83.92554,-287.52527,63.775428771972656
2157.9048,1696.2483,-85.904785,-286.2483,63.9798150062561
2144.2395,1697.4143,-72.2395,-287.4143,64.07156205177307
2064.3325,1729.5935,7.6674805,-319.5935,64.22061395645142
2049.1816,1649.2765,22.81836,-239.27649,64.28865790367126
2049.9731,1647.2109,22.026855,-237.21094,64.47593688964844
1953.2765,1684.5305,118.72351,-274.53052,64.58343505859375
1952.5309,1682.4292,119.46912,-272.4292,64.78615999221802
1950.8947,1677.8181,121.10535,-267.8181,64.97615003585815
2031.8186,1583.3846,40.181396,-173.38464,65.06641483306885
1924.6687,1631.7598,147.3313,-221.75977,65.1589629650116
1966.9333,1559.2252,105.06665,-149.22522,65.25042271614075
1956.3641,1570.2738,115.635864,-160.2738,65.34326791763306
1856.9303,1635.7909,215.0697,-225.7909,65.46003270149231
1936.7021,1533.0055,135.29785,-123.00549,65.55147194862366
1935.8398,1528.8022,136.16016,-118.802246,65.78162479400635
1933.6222,1517.9924,138.3778,-107.99243,65.97976684570312
2020.9374,1403.5566,51.062622,6.4433594,66.05318474769592
2021.4918,1398.6215,50.50818,11.37854,66.28827285766602
1936.1444,1309.4159,135.85559,100.58411,66.34230184555054
1858.9137,1240.6907,213.0863,169.30933,66.42151689529419
1743.4569,1308.4768,328.5431,101.52319,66.51330900192261
1812.541,1390.641,259.45898,19.359009,66.59202885627747
1836.625,1469.8116,235.375,-59.811646,66.6750738620758
1816.9413,1449.7506,255.05872,-39.75061,66.77273893356323
1838.9916,1521.125,233.00842,-111.125,66.84665989875793
1779.0765,1452.7091,292.92346,-42.709106,66.92353987693787
1692.4807,1465.2971,379.5193,-55.29712,67.05257892608643
1753.9613,1511.7124,318.0387,-101.7124,67.1822190284729
1720.9431,1571.3333,351.0569,-161.33325,67.27037978172302
1647.6084,1611.8292,424.3916,-201.82922,67.33782577514648
1650.2379,1546.4791,421.7621,-136.47913,67.4357259273529
1691.5763,1478.1086,380.4237,-68.10864,67.55490589141846
1640.6094,1542.8904,431.39062,-132.89038,67.6088879108429
1595.946,1605.5311,476.05396,-195.53113,67.70213198661804
1600.7826,1613.6451,471.2174,-203.64514,67.77346992492676
1659.2993,1650.1586,412.70068,-240.15857,67.87070894241333
1582.453,1683.8856,489.547,-273.88562,67.94750690460205
1561.7733,1730.4872,510.22668,-320.48718,68.03439593315125
1517.1213,1757.1986,554.87866,-347.1986,68.17239570617676
1506.9861,1759.3746,565.0139,-349.37463,68.43661499023438
1544.7042,1700.8137,527.2958,-290.81372,68.49286675453186
1594.2167,1643.141,477.78333,-233.14099,68.54756879806519
1591.3645,1642.6956,480.6355,-232.69556,68.80358409881592
1511.3333,1697.4883,560.66675,-287.48828,68.87441110610962
1522.9856,1702.8167,549.0144,-292.81665,68.99213600158691
1576.1918,1755.1407,495.80823,-345.14075,69.06310677528381
1533.2277,1810.9786,538.77234,-400.97864,69.21674394607544
1561.1923,1862.7494,510.80774,-452.7494,69.52638792991638
1483.4828,1900.4601,588.5172,-490.46008,69.62890768051147
1464.2677,1946.4945,607.7323,-536.4945,69.76581311225891
1515.3458,1860.9336,556.6542,-450.9336,69.88185977935791
1509.053,1864.527,562.947,-454.52698,70.27106785774231
1403.8494,1907.1195,668.15063,-497.1195,70.33681392669678
1335.6844,1956.8418,736.31555,-546.8418,70.40491485595703
1298.3777,1865.1057,773.6223,-455.1057,70.5376398563385
1301.5001,1829.4989,770.4999,-419.4989,70.65323781967163
1394.1637,1860.4808,677.8363,-450.48083,70.81397414207458
1303.1665,1861.0199,768.8335,-451.0199,70.89016509056091
1269.1482,1916.9629,802.8518,-506.9629,71.04253697395325
1287.0713,1915.0619,784.9287,-505.0619,71.21787881851196
1436.8453,1821.8875,635.15466,-411.88745,71.3704469203949
1526.246,1767.0157,545.754,-357.01575,71.4815399646759
1600.7131,1802.207,471.28687,-392.20703,71.6462709903717
1682.1505,1785.9238,389.8495,-375.92383,71.75917911529541
1683.7133,1839.7428,388.28674,-429.7428,71.86502194404602
1683.7448,1841.5393,388.25525,-431.5393,72.07838487625122
1754.6465,1895.114,317.35352,-485.114,72.13511300086975
1705.9828,1892.5432,366.0172,-482.5432,72.21687984466553
1627.4067,1886.6443,444.59326,-476.6443,72.32074880599976
1659.9058,1935.5573,412.09424,-525.55725,72.43238687515259
1578.7468,1921.4624,493.25317,-511.4624,72.54215979576111
1656.5029,1946.5564,415.49707,-536.5564,72.65667986869812
1681.8672,1997.3434,390.1328,-587.3434,72.72822093963623
1805.7156,2031.4558,266.28442,-621.4558,72.86349296569824
1847.2133,1946.4003,224.78674,-536.40027,72.95236587524414
1885.5278,1863.6946,186.47217,-453.69458,73.07426285743713
1890.2087,1865.5424,181.79126,-455.54236,73.35346698760986
1810.4646,1863.0382,261.5354,-453.0382,73.4124608039856
1722.6077,1850.2067,349.39233,-440.20667,73.50652289390564
1679.6858,1812.5277,392.3142,-402.5277,73.60460495948792
1666.5127,1727.9749,405.4873,-317.97485,73.69640183448792
1643.8351,1775.7056,428.16492,-365.70557,73.80840873718262
1718.8639,1726.6288,353.1361,-316.62878,73.93202495574951
1719.2899,1725.1102,352.71008,-315.11023,74.16639280319214
1799.2427,1646.9728,272.75732,-236.97278,74.22150993347168
1719.0507,1651.2465,352.94934,-241.24646,74.3034839630127
1670.03,1580.6031,401.96997,-170.60315,74.4221498966217
1721.6044,1634.2969,350.39563,-224.29688,74.50959491729736
1721.928,1631.8735,350.07202,-221.87354,74.73132181167603
1722.7411,1625.784,349.2589,-215.78406,74.93206977844238
1723.4855,1620.2095,348.51453,-210.20947,75.13235473632812
1726.9988,1535.1078,345.00122,-125.10779,75.1903760433197
1732.2222,1548.9294,339.77783,-138.92944,75.24657106399536
1872.2191,1610.4025,199.78088,-200.40247,75.32623386383057
1790.6724,1651.7218,281.32764,-241.7218,75.39819502830505
1791.7902,1650.342,280.20984,-240.34204,75.64396500587463
1795.644,1645.5848,276.35596,-235.58484,75.84506487846375
1732.8345,1719.9264,339.16553,-309.9264,75.90063691139221
1881.2454,1776.2463,190.75464,-366.24634,75.95554089546204
2015.9524,1827.37,56.047607,-417.37,76.01202273368835
2019.1384,1828.2446,52.861572,-418.24463,76.21974301338196
2037.5718,1893.9346,34.428223,-483.93457,76.27465295791626
1927.5798,1878.2994,144.42017,-468.29944,76.32908606529236
1827.1804,1864.063,244.81958,-454.063,76.38560485839844
1828.1146,1865.2059,243.88538,-455.20593,76.59351205825806
1831.6624,1869.5461,240.33765,-459.54614,76.80188488960266
1903.0106,1926.8386,168.98938,-516.8386,76.85743594169617
1965.3346,1975.9143,106.665405,-565.9143,76.91157674789429
1875.041,2000.6198,196.95898,-590.61975,76.97117185592651
1787.0223,2050.6804,284.97766,-640.6804,77.05412793159485
1787.6215,2055.0398,284.37854,-645.0398,77.32441973686218
1866.2906,2101.569,205.70935,-691.5691,77.38232183456421
1936.6677,2133.988,135.33228,-723.98804,77.45048499107361
2002.8727,2019.7056,69.12732,-609.70557,77.51295185089111
2063.2874,1913.7314,8.7126465,-503.73145,77.56340885162354
2066.0928,1914.7968,5.9072266,-504.79675,77.76588988304138
1976.2001,1971.635,95.79993,-561.635,77.8313319683075
1887.1622,2013.8096,184.83777,-603.8096,77.93120908737183
1889.2496,2017.7208,182.75037,-607.7208,78.14510178565979
1953.6139,2047.3787,118.38611,-637.37866,78.19456791877747
2036.0088,1931.542,35.99121,-521.542,78.2445809841156
2111.4841,1825.3074,-39.48413,-415.30737,78.29442596435547
2044.3278,1878.6282,27.672241,-468.62817,78.34538698196411
2046.7568,1879.1656,25.243164,-469.16565,78.54441666603088
1981.7598,1903.722,90.240234,-493.72205,78.5943648815155
2016.0922,1831.7963,55.907837,-421.79626,78.64620184898376
2073.4226,1813.8676,-1.4226074,-403.86755,78.69077897071838
2126.331,1797.2723,-54.331055,-387.27234,78.74247574806213
2165.8857,1840.5115,-93.88574,-430.51147,78.7950930595398
2065.5037,1838.8994,6.496338,-428.8994,78.84602499008179
1971.5287,1837.3984,100.47131,-427.39844,78.9062647819519
1963.721,1771.4397,108.27905,-361.4397,78.96629309654236
2006.8948,1798.1847,65.105225,-388.1847,79.02060866355896
2057.4885,1755.5216,14.511475,-345.5216,79.06640481948853
2104.9353,1715.3508,-32.935303,-305.35083,79.11802697181702
2107.775,1714.2083,-35.774902,-304.20825,79.30690288543701
2137.0356,1645.5275,-65.035645,-235.52747,79.35242080688477
2157.5107,1583.7544,-85.51074,-173.7544,79.40179586410522
2102.1797,1634.7465,-30.179688,-224.74646,79.45148491859436
2049.8013,1683.0271,22.19873,-273.0271,79.50254487991333
1966.6041,1686.8367,105.395874,-276.83667,79.55293297767639
2014.6252,1650.753,57.374756,-240.75305,79.60341310501099
2056.3203,1686.7413,15.6796875,-276.74133,79.64871788024902
2095.7473,1721.1525,-23.747314,-311.15247,79.69734191894531
2023.0099,1745.0851,48.990112,-335.08508,79.74629473686218
1953.45,1767.9706,118.55005,-357.97058,79.79270100593567
1911.206,1807.0039,160.79395,-397.0039,79.84506177902222
1991.3848,1818.4493,80.615234,-408.44934,79.89383673667908
2068.4768,1829.454,3.5231934,-419.45398,79.93943977355957
2108.1062,1793.7987,-36.1062,-383.7987,79.9913899898529
2111.6094,1830.2007,-39.609375,-420.20068,80.04004788398743
2114.9119,1865.32,-42.911865,-455.31995,80.08889603614807
2115.3564,1873.2936,-43.356445,-463.29358,80.1469247341156
2080.6743,1812.9875,-8.674316,-402.98755,80.21045207977295
2116.7922,1830.9271,-44.792236,-420.92712,80.26642274856567
2151.5771,1848.3413,-79.57715,-438.3413,80.31381678581238
2179.1824,1866.9359,-107.18237,-456.9359,80.36456680297852
2228.9717,1878.7454,-156.97168,-468.74536,80.41524887084961
2277.3455,1890.2191,-205.34546,-480.21912,80.46429967880249
2281.2422,1891.1616,-209.24219,-481.16162,80.63827586174011
2295.5227,1894.6158,-223.5227,-484.61584,80.80495071411133
2309.1367,1897.9089,-237.13672,-487.90894,80.97698903083801
2258.6746,1940.3397,-186.67456,-530.3397,81.02575182914734
2275.5872,1883.8551,-203.58716,-473.8551,81.07421493530273
2291.5916,1829.8894,-219.59155,-419.8894,81.120600938797
2325.9504,1850.2211,-253.95044,-440.22107,81.16675209999084
2329.5767,1850.5145,-257.57666,-440.51453,81.33692288398743
2260.187,1873.4587,-188.18701,-463.45874,81.38503980636597
2257.7092,1914.3593,-185.70923,-504.35925,81.42752289772034
2255.1138,1953.1506,-183.11377,-543.15063,81.47667002677917
2257.974,1954.746,-185.97412,-544.746,81.64965891838074
2230.4062,1881.2748,-158.40625,-471.27478,81.69894790649414
2238.6316,1832.3057,-166.63159,-422.30566,81.75077366828918
2240.8687,1871.2427,-168.86865,-461.24268,81.79705882072449
2242.6848,1908.2284,-170.68481,-498.2284,81.84377598762512
2244.9631,1909.0846,-172.96313,-499.0846,82.01000690460205
2232.75,1906.7485,-160.75,-496.74854,82.05664277076721
2151.0786,1942.1554,-79.07861,-532.1554,82.09974575042725
2073.6821,1975.7272,-1.6821289,-565.7272,82.14938592910767
2073.8206,1977.3157,-1.8205566,-567.3157,82.31506180763245
2101.7285,2015.4977,-29.728516,-605.4977,82.36425495147705
2100.4658,2020.1808,-28.46582,-610.1808,82.41319990158081
2021.944,2057.939,50.05603,-647.93896,82.46087980270386
1947.4436,2093.698,124.5564,-683.698,82.50926804542542
1896.8398,2127.7722,175.16016,-717.7722,82.55900979042053
1942.5802,2150.739,129.4198,-740.739,82.60743570327759
1986.3416,2172.1467,85.65845,-762.1467,82.65255093574524
1978.1978,2159.9587,93.802246,-749.95874,82.69747471809387
1970.4031,2148.399,101.596924,-738.3989,82.74537992477417
1969.4146,2151.593,102.58545,-741.593,82.89992594718933
1894.5411,2144.6702,177.45886,-734.67017,82.94555187225342
1865.3032,2169.514,206.69678,-759.5139,82.9910979270935
1837.3303,2193.3555,234.66968,-783.35547,83.0382809638977
1834.9459,2196.7705,237.05408,-786.7705,83.19471478462219
1826.6859,2208.6006,245.31409,-798.6006,83.35045194625854
1906.9255,2158.3281,165.07446,-748.3281,83.39856171607971
1965.6038,2068.918,106.39624,-658.91797,83.44770097732544
1996.7318,2098.8167,75.26819,-688.81665,83.49786710739136
2026.2552,2126.977,45.74475,-716.97705,83.5491669178009
2116.4329,2128.8904,-44.43286,-718.8904,83.60040307044983
2065.5522,2088.0437,6.447754,-678.0437,83.64550995826721
2017.1168,2049.007,54.88318,-639.0071,83.69328594207764
2063.198,1999.353,8.802002,-589.353,83.74035000801086
2107.1824,1951.979,-35.182373,-541.979,83.78531098365784
2108.043,1952.1766,-36.04297,-542.17664,83.93821978569031
2058.07,1947.3329,13.929932,-537.3329,83.98917365074158
2104.0708,1899.4989,-32.0708,-489.4989,84.0453667640686
2092.4219,1894.5613,-20.421875,-484.56128,84.09041380882263
2081.1736,1889.9419,-9.173584,-479.9419,84.13802099227905
2047.3102,1921.289,24.68982,-511.28894,84.18699097633362
1998.1782,1858.6528,73.82178,-448.65283,84.23563194274902
1951.1451,1798.7041,120.85486,-388.7041,84.28173971176147
1978.1691,1831.945,93.83093,-421.94495,84.3287079334259
2004.0663,1863.778,67.933716,-453.77795,84.37589478492737
2065.3728,1867.1503,6.6271973,-457.15027,84.42263507843018
2072.1174,1899.0215,-0.11743164,-489.02148,84.46816396713257
2078.6123,1929.6942,-6.6123047,-519.6942,84.51994490623474
2079.1868,1929.7255,-7.1867676,-519.72546,84.65396189689636
2012.5643,1959.6525,59.43567,-549.65247,84.70627284049988
1947.4618,1988.4613,124.53821,-578.4613,84.75161671638489
1946.4736,1989.1395,125.52637,-579.1395,84.8900899887085
1880.8147,2006.3083,191.1853,-596.30835,84.93721675872803
1906.441,1990.9578,165.55896,-580.95776,84.98212194442749
1930.9714,1976.2676,141.02856,-566.2676,85.03135991096497
1870.3813,1991.7914,201.61865,-581.7914,85.08173990249634
1954.3221,2016.681,117.67786,-606.681,85.12487292289734
2034.9683,2040.4409,37.03174,-630.4409,85.17175388336182
1992.4014,2006.8932,79.59863,-596.8932,85.2204909324646
1951.3752,1974.6136,120.624756,-564.61365,85.26662397384644
1950.5471,1975.0417,121.45288,-565.04175,85.39489889144897
1927.8069,1905.6506,144.19312,-495.65063,85.44462180137634
1907.3083,1838.1622,164.69165,-428.16223,85.4894049167633
1990.3279,1847.7765,81.67212,-437.7765,85.53966498374939
1989.9866,1846.6263,82.01343,-436.62634,85.67037606239319
2031.5166,1874.2683,40.4834,-464.2683,85.7194299697876
2071.8867,1902.5714,0.11328125,-492.5714,85.77264475822449
2155.507,1833.428,-83.50708,-423.42798,85.82600092887878
2103.7188,1871.279,-31.71875,-461.27905,85.87109899520874
2053.8135,1907.7478,18.186523,-497.7478,85.91991686820984
2054.2527,1907.4651,17.747314,-497.4651,86.04999780654907
2008.1729,1874.4844,63.82715,-464.48438,86.0939679145813
1963.4651,1843.4767,108.53491,-433.47668,86.14214301109314
1952.557,1878.253,119.44299,-468.25305,86.19363379478455
1873.9009,1874.666,198.09912,-464.66602,86.23747897148132
1798.7212,1871.32,273.2788,-461.31995,86.28574967384338
1884.2974,1880.0686,187.70264,-470.0686,86.33587884902954
1966.7294,1888.4857,105.27063,-478.48572,86.38104677200317
1950.2543,1861.9337,121.74573,-451.93372,86.42906403541565
1909.9508,1859.8258,162.0492,-449.8258,86.4756166934967
1871.1139,1857.8181,200.88611,-447.8181,86.52425789833069
1869.3633,1857.0074,202.63672,-447.00745,86.65430879592896
1864.5631,1854.7845,207.43689,-444.78455,86.7843987941742
1825.0333,1778.7245,246.96667,-368.7245,86.82900881767273
1790.295,1707.5582,281.70496,-297.55823,86.87536191940308
1744.222,1728.6533,327.77795,-318.65332,86.9233968257904
1699.8951,1748.7585,372.10486,-338.75854,86.96826195716858
1731.9612,1699.5939,340.03882,-289.59387,87.01600480079651
1787.0635,1630.2563,284.93652,-220.25635,87.0631308555603
1840.0238,1563.5406,231.9762,-153.54065,87.10875082015991
1833.435,1604.5214,238.56494,-194.52136,87.15618205070496
1899.2522,1614.8438,172.7478,-204.84375,87.20156073570251
1962.6914,1625.0148,109.30859,-215.01477,87.24986386299133
1923.6642,1603.301,148.33582,-193.30103,87.30353999137878
1965.4708,1595.1902,106.529175,-185.19019,87.34668183326721
2005.8684,1588.1165,66.13159,-178.11646,87.39195799827576
2029.9584,1624.2719,42.041626,-214.27185,87.43948888778687
2053.3486,1659.039,18.651367,-249.03894,87.48746871948242
2013.1458,1662.37,58.854248,-252.37,87.54062581062317
2043.9438,1695.6896,28.056152,-285.68958,87.5895779132843
2073.8057,1728.2302,-1.8056641,-318.23022,87.63399982452393
2128.6497,1735.1182,-56.64966,-325.11816,87.68454885482788
2149.0984,1766.3617,-77.09839,-356.3617,87.73002600669861
2168.8545,1796.8053,-96.85449,-386.8053,87.77794480323792
2155.3684,1828.0797,-83.36841,-418.0797,87.83102488517761
2154.5232,1836.1215,-82.52319,-426.12146,87.8795337677002
2153.6367,1843.9779,-81.63672,-433.9779,87.92835211753845
2155.7546,1843.8318,-83.75464,-433.8318,88.05390787124634
2088.5652,1862.1958,-16.565186,-452.1958,88.1011438369751
2020.1937,1880.2253,51.806274,-470.22534,88.1505286693573
2051.6077,1898.5227,20.392334,-488.5227,88.20206499099731
1985.7909,1889.0021,86.20911,-479.00208,88.2519907951355
1921.7146,1879.7405,150.2854,-469.74048,88.29947185516357
1885.3914,1853.7157,186.60864,-443.7157,88.3503348827362
1923.4319,1879.3762,148.56812,-469.37622,88.3938319683075
1960.5173,1904.2845,111.482666,-494.28455,88.44076991081238
1902.8455,1899.6139,169.15454,-489.6139,88.4896719455719
1846.6348,1895.1075,225.36523,-485.10754,88.53461694717407
1792.1517,1890.6818,279.84827,-480.68176,88.58561587333679
1834.881,1839.7563,237.11902,-429.75635,88.63714289665222
1832.59,1839.479,239.41003,-429.479,88.75518703460693
1838.5966,1874.3136,233.40344,-464.3136,88.80773591995239
1799.3485,1908.5685,272.6515,-498.56848,88.8576409816742
1796.7178,1909.292,275.28223,-499.292,88.97561407089233
1789.6372,1852.6172,282.3628,-442.6172,89.02974700927734
1724.6405,1871.8933,347.3595,-461.8933,89.08085775375366
1702.9478,1902.1641,369.05225,-492.16406,89.12540078163147
1682.4473,1931.3394,389.55273,-521.33936,89.17458987236023
1735.6183,1860.4338,336.3817,-450.43384,89.22135400772095
1751.0764,1892.4612,320.92358,-482.46118,89.26753783226013
1766.2158,1923.4121,305.78418,-513.4121,89.31582975387573
1699.6089,1919.8784,372.3911,-509.87842,89.36280083656311
1634.9843,1916.4445,437.01575,-506.44446,89.42138385772705
1571.0306,1913.2311,500.96936,-503.23108,89.4749538898468
1604.8612,1941.5564,467.1388,-531.5564,89.525554895401
1599.9724,1942.6688,472.0276,-532.6688,89.6400249004364
1668.8099,1905.9863,403.19006,-495.98633,89.68870687484741
1649.3364,1935.2285,422.66357,-525.2285,89.73617792129517
1622.7184,1867.3959,449.28162,-457.39587,89.78576993942261
1597.1036,1801.7333,474.89636,-391.73328,89.8344509601593
1563.8079,1838.335,508.19214,-428.33496,89.88184189796448
1531.6166,1873.8094,540.3834,-463.80945,89.92779397964478
1526.7616,1873.8674,545.2384,-463.86743,90.04367089271545
1504.05,1904.7728,567.94995,-494.77283,90.08913898468018
1489.366,1934.4354,582.63403,-524.4354,90.14010691642761
1549.5211,1861.6829,522.4789,-451.68286,90.18997573852539
1567.4171,1897.6742,504.5829,-487.6742,90.23388195037842
1585.126,1932.3881,486.87402,-522.38806,90.2837598323822
1618.4475,1882.2535,453.5525,-472.25354,90.34232497215271
1678.8492,1812.8059,393.15076,-402.8059,90.39352893829346
1738.0421,1745.3186,333.9579,-335.3186,90.45745897293091
1701.6509,1782.6917,370.34912,-372.69165,90.53547978401184
1723.0718,1742.7186,348.92822,-332.71863,90.59068870544434
1736.6951,1780.8016,335.30493,-370.80164,90.63691186904907
1735.2288,1779.71,336.77124,-369.70996,90.74613308906555
1731.7484,1777.1188,340.2516,-367.11877,90.86365604400635
1766.9437,1812.1786,305.05627,-402.1786,90.91004490852356
1802.8429,1847.4115,269.1571,-437.4115,90.9605667591095
1854.1256,1832.6589,217.87439,-422.65894,91.00903296470642
1869.572,1868.3518,202.42798,-458.3518,91.06365180015564
1884.5413,1902.8411,187.45874,-492.84106,91.10963487625122
1885.0947,1903.4084,186.90527,-493.40845,91.2271978855133
1977.9711,1934.4636,94.02893,-524.4636,91.2744767665863
2065.9758,1963.311,6.02417,-553.31104,91.32699799537659
2075.9944,1996.1848,-3.9943848,-586.1848,91.3769268989563
2057.5107,1965.6058,14.489258,-555.60583,91.42397284507751
2039.5851,1936.1505,32.414917,-526.1505,91.48584079742432
2126.2268,1867.7256,-54.226807,-457.7256,91.56835103034973
2132.3494,1867.7664,-60.349365,-457.76636,91.69997596740723
2181.5596,1887.713,-109.55957,-477.713,91.75210094451904
2186.0442,1888.0251,-114.04419,-478.02515,91.87889099121094
2197.0781,1888.793,-125.078125,-478.79297,92.01049089431763
2208.0479,1889.5564,-136.04785,-479.5564,92.14594006538391
2219.9963,1890.388,-147.99634,-480.38794,92.27881407737732
2152.1943,1806.0148,-80.194336,-396.01477,92.33691501617432
2037.7653,1805.0133,34.23474,-395.0133,92.3899998664856
1930.537,1804.0836,141.46301,-394.08362,92.45744681358337
1981.6198,1833.4722,90.38025,-423.47217,92.56691479682922
1974.2246,1830.5472,97.77539,-420.54724,92.63413000106812
2011.0609,1874.1945,60.939087,-464.19446,92.70950412750244
1927.0659,1922.7461,144.93408,-512.7461,92.77066779136658
1848.4559,1961.7957,223.54407,-551.79565,92.82352495193481
1774.4678,1998.4565,297.53223,-588.45654,92.88377404212952
1769.3511,2035.7739,302.64893,-625.7739,92.93951082229614
1804.1969,1954.6733,267.8031,-544.67334,92.99754786491394
1867.6697,1873.0695,204.33032,-463.06946,93.05088901519775
1927.9647,1795.6545,144.03528,-385.65454,93.10242009162903
1928.2167,1794.674,143.78333,-384.67395,93.22379398345947
1875.3074,1841.2935,196.69263,-431.29346,93.272864818573
1825.0437,1886.5684,246.9563,-476.56836,93.33808994293213
1856.9371,1812.7323,215.06287,-402.7323,93.40482378005981
1856.0748,1811.7803,215.92517,-401.78027,93.56746077537537
1849.3196,1738.1345,222.68042,-328.13452,93.82745671272278
1914.0181,1682.8688,157.98193,-272.86877,93.92938590049744
1813.0991,1685.4211,258.90088,-275.42114,93.9908800125122
1828.6902,1741.5916,243.30981,-331.59155,94.07476377487183
1888.295,1782.8472,183.70496,-372.84717,94.13226389884949
1888.1305,1781.88,183.8695,-371.88,94.30769181251526
1941.1445,1828.0063,130.85547,-418.00635,94.38281297683716
1974.3156,1815.9908,97.68445,-405.99084,94.4461829662323
2029.8467,1855.8434,42.15332,-445.84338,94.4939968585968
2031.2961,1855.9188,40.703857,-445.91882,94.62183094024658
2062.8577,1842.8383,9.142334,-432.83826,94.66393780708313
2089.7485,1830.6042,-17.748535,-420.60425,94.70584678649902
2091.502,1830.4255,-19.501953,-420.42554,94.8629789352417
2098.49,1829.7133,-26.48999,-419.71326,95.05128788948059
2166.7053,1769.8164,-94.70532,-359.8164,95.15178084373474
2066.4233,1821.4396,5.57666,-411.43958,95.24632096290588
1950.8146,1819.8973,121.185425,-409.89734,95.3260748386383
1850.4722,1849.8519,221.52783,-439.85193,95.3812837600708
1849.5731,1849.8976,222.42688,-439.89758,95.51170206069946
1917.1322,1877.6372,154.8678,-467.6372,95.56954097747803
1861.1094,1836.1934,210.89062,-426.19336,95.62548089027405
1860.3516,1836.0695,211.64844,-426.06946,95.76539874076843
1751.3721,1833.926,320.62793,-423.92603,95.81430888175964
1800.3746,1881.1094,271.62537,-471.10938,95.93483972549438
1856.8322,1926.4946,215.16785,-516.4946,96.01779198646545
1762.8505,1951.6375,309.14954,-541.63745,96.091805934906
1715.4958,1909.2474,356.50415,-499.24744,96.148512840271
1688.5898,1949.317,383.41016,-539.317,96.19692182540894
1610.2355,1933.3804,461.76453,-523.3804,96.24193286895752
1537.302,1918.4822,534.698,-508.48218,96.28945684432983
1607.1995,1898.5652,464.80054,-488.5652,96.33820605278015
1722.0587,1819.4626,349.94128,-409.46265,96.38440299034119
1830.0988,1745.0677,241.90125,-335.06775,96.43024802207947
1816.8186,1719.7662,255.1814,-309.76624,96.47652697563171
1804.2136,1695.7665,267.78638,-285.76648,96.52607583999634
1880.5013,1706.0227,191.49866,-296.0227,96.57934594154358
1880.3207,1704.304,191.67932,-294.30396,96.72342085838318
1795.9711,1704.5361,276.02893,-294.53613,96.78119587898254
1794.6565,1702.7318,277.3435,-292.7318,96.92891097068787
1841.9695,1744.4376,230.03052,-334.43762,96.98470187187195
1888.5665,1786.3823,183.43347,-376.38232,97.05814671516418
1888.5659,1785.667,183.43408,-375.667,97.20195579528809
1943.216,1823.0925,128.78406,-413.09253,97.26476287841797
1943.9797,1823.0111,128.02026,-413.0111,97.4228868484497
2006.3147,1749.3611,65.6853,-339.36108,97.4834578037262
2063.3706,1702.5503,8.629395,-292.5503,97.53927302360535
2116.855,1658.6488,-44.85498,-248.6488,97.61530709266663
2026.3317,1689.6521,45.668335,-279.6521,97.70709204673767
2076.2297,1729.9603,-4.2297363,-319.96033,97.8241868019104
1980.9852,1731.2493,91.01477,-321.24927,97.91701102256775
1895.2715,1759.5751,176.72852,-349.57507,98.03704690933228
1894.9126,1758.0105,177.0874,-348.0105,98.22402286529541
1981.755,1778.6978,90.244995,-368.69775,98.27869701385498
1995.4719,1826.6431,76.528076,-416.64307,98.33487582206726
